"","Responder","prob","bin","seq","bin_number"
"33",1,1,1,1,0
"200",1,0.999999999953697,2,2,0
"29",1,0.999999999329113,3,3,0
"13",1,0.999999999270988,4,4,0
"4",1,0.999999999248959,5,5,0
"23",1,0.999999999238593,6,6,0
"22",1,0.99999999915444,7,7,0
"10",1,0.999999999031419,8,8,0
"3",1,0.999999999023075,9,9,0
"30",1,0.999999998960252,10,10,0
"1",1,0.999999998897522,11,11,0
"27",1,0.999999998851667,12,12,0
"5",1,0.999999998828963,13,13,0
"9",1,0.999999998807782,14,14,0
"17",1,0.999999998758862,15,15,0
"16",1,0.999999998756173,16,16,0
"8",1,0.999999998731146,17,17,0
"32",1,0.999999998728145,18,18,0
"15",1,0.999999998670468,19,19,0
"25",1,0.999999998664705,20,20,0
"20",1,0.999999998536259,21,21,0
"31",1,0.999999998484114,22,22,0
"26",1,0.999999998342622,23,23,0
"11",1,0.999999998179424,24,24,0
"12",1,0.999999997888333,25,25,0
"2",1,0.999999997665655,26,26,0
"197",1,0.997556829763814,27,27,0
"153",1,0.996882715548079,28,28,0
"175",1,0.996577521300066,29,29,0
"165",1,0.996452225916863,30,30,0
"154",1,0.995484778492317,31,31,0
"160",1,0.995415501266077,32,32,0
"193",1,0.99428300708407,33,33,0
"178",1,0.994035388259925,34,34,0
"199",1,0.993985631998897,35,35,0
"180",1,0.993854576879594,36,36,0
"149",1,0.99301177488598,37,37,0
"187",1,0.99293942209806,38,38,0
"181",1,0.992873537914584,39,39,0
"168",1,0.992776616030644,40,40,0
"166",1,0.99248707152998,41,41,0
"163",1,0.992391662162951,42,42,0
"150",1,0.992385839701825,43,43,0
"184",1,0.992289616258634,44,44,0
"186",1,0.992184746874079,45,45,0
"191",1,0.992170573038529,46,46,0
"157",1,0.992151475456401,47,47,0
"161",1,0.992050375609312,48,48,0
"156",1,0.991901610959594,49,49,0
"194",1,0.991626980223161,50,50,0
"171",1,0.991596473633272,51,51,0
"185",1,0.991395187774527,52,52,0
"189",1,0.991160905977198,53,53,0
"173",1,0.989667543033267,54,54,0
"174",1,0.989609070585121,55,55,0
"183",1,0.987364287254956,56,56,0
"176",1,0.986764634340334,57,57,0
"151",1,0.986688356504834,58,58,0
"36",1,0.986499948667132,59,59,0
"182",1,0.984979080632194,60,60,0
"105",1,0.983084140302234,61,61,0
"115",1,0.981948670673171,62,62,0
"66",1,0.981910212348378,63,63,0
"139",1,0.980456478642266,64,64,0
"108",1,0.979432891902438,65,65,0
"97",1,0.978977396774444,66,66,0
"129",1,0.978853308917221,67,67,0
"143",1,0.978830651057191,68,68,0
"80",1,0.978497182492514,69,69,0
"92",1,0.978364843741974,70,70,0
"41",1,0.978363458083026,71,71,0
"47",1,0.977551736815174,72,72,0
"134",1,0.976977981859725,73,73,0
"170",1,0.976657958572137,74,74,0
"148",1,0.974751936426495,75,75,0
"117",1,0.972727331906373,76,76,0
"98",1,0.972657181175766,77,77,0
"109",1,0.972649443454312,78,78,0
"64",1,0.972332667678299,79,79,0
"72",1,0.971980633307212,80,80,0
"87",1,0.971389952666732,81,81,0
"93",1,0.970752897368605,82,82,0
"112",1,0.970027203717169,83,83,0
"89",1,0.969528442382616,84,84,0
"130",1,0.968979940003595,85,85,0
"74",1,0.968203691942041,86,86,0
"124",1,0.968022014418955,87,87,0
"83",1,0.96796257676404,88,88,0
"113",1,0.966384140416911,89,89,0
"94",1,0.965853924893412,90,90,0
"116",1,0.964723675045665,91,91,0
"110",1,0.963102209757894,92,92,0
"81",1,0.962678413001902,93,93,0
"118",1,0.962334262342039,94,94,0
"120",1,0.961639764305835,95,95,0
"147",1,0.961320629422941,96,96,0
"126",1,0.95944880523413,97,97,0
"35",1,0.959247898435028,98,98,0
"106",1,0.959165067239242,99,99,0
"52",1,0.959031896374114,100,100,0
"133",1,0.958697473306807,101,101,0
"76",1,0.958137388177243,102,102,0
"137",1,0.957985813949799,103,103,0
"132",1,0.957824836818695,104,104,0
"60",1,0.957818199234789,105,105,0
"101",1,0.957287484281685,106,106,0
"102",1,0.956199874554381,107,107,0
"135",1,0.955658594707741,108,108,1
"119",1,0.954475269760954,109,109,1
"88",1,0.954169374551394,110,110,1
"54",1,0.954011068896126,111,111,1
"68",1,0.952734543528145,112,112,1
"140",1,0.952633736715756,113,113,1
"103",1,0.951501653508249,114,114,1
"45",1,0.949448759455514,115,115,1
"96",1,0.949205752716204,116,116,1
"138",1,0.948997180903711,117,117,1
"142",1,0.948530087421802,118,118,1
"79",1,0.948086107691812,119,119,1
"71",1,0.948015912482043,120,120,1
"43",1,0.947306534536293,121,121,1
"136",1,0.9465361198124,122,122,1
"50",1,0.945080349511363,123,123,1
"59",1,0.943563772563514,124,124,1
"86",1,0.939089145256307,125,125,1
"146",1,0.938126339538867,126,126,1
"144",1,0.937774702653299,127,127,1
"48",1,0.936565668196549,128,128,1
"122",1,0.935008484941778,129,129,1
"114",1,0.933664745096,130,130,1
"77",1,0.930269446593303,131,131,1
"55",1,0.930262504427339,132,132,1
"65",1,0.928177561336224,133,133,1
"57",1,0.926438433088004,134,134,1
"44",1,0.92628158105201,135,135,1
"39",1,0.911988042789637,136,136,1
"42",1,0.911227532935412,137,137,1
"40",1,0.909808474719601,138,138,1
"84",1,0.907781113444071,139,139,1
"56",1,0.903932696715568,140,140,1
"104",1,0.902766971698393,141,141,1
"121",1,0.877017493559576,142,142,1
"234",1,0.796366158812991,143,143,1
"240",1,0.777489014112547,144,144,1
"244",1,0.72985046357756,145,145,1
"236",1,0.673054674925904,146,146,1
"242",1,0.638460805630298,147,147,1
"246",1,0.565721994281546,148,148,1
"247",1,0.54653865040553,149,149,1
"237",1,0.520543458953316,150,150,1
"841",0,0.458014708880783,151,151,1
"220",1,0.387369898005738,152,152,1
"511",0,0.372423254765365,153,153,1
"670",0,0.372217107630139,154,154,1
"572",0,0.371640002640488,155,155,1
"1337",0,0.370776847048484,156,156,1
"965",0,0.361985005923154,157,157,1
"1231",0,0.352838047253101,158,158,1
"532",0,0.345628254017686,159,159,1
"936",0,0.334170468714273,160,160,1
"264",1,0.330897328171878,161,161,1
"523",0,0.330752544469605,162,162,1
"512",0,0.32218018021319,163,163,1
"804",0,0.321108541841535,164,164,1
"779",0,0.314424655468992,165,165,1
"675",0,0.309493454872429,166,166,1
"472",0,0.308794597054136,167,167,1
"677",0,0.307132626835031,168,168,1
"586",0,0.305923215606668,169,169,1
"975",0,0.304924792345219,170,170,1
"1293",0,0.304871835631089,171,171,1
"915",0,0.30339812275008,172,172,1
"218",1,0.301883228567289,173,173,1
"460",0,0.300793360515911,174,174,1
"265",1,0.299491785053348,175,175,1
"789",0,0.292152516807155,176,176,1
"206",1,0.291775486300584,177,177,1
"274",1,0.29068166079647,178,178,1
"540",0,0.289481021451266,179,179,1
"1331",0,0.289213281241595,180,180,1
"923",0,0.288675047775008,181,181,1
"516",0,0.286281859221935,182,182,1
"271",1,0.284921147008316,183,183,1
"289",1,0.284193654401464,184,184,1
"546",0,0.283636232209387,185,185,1
"1287",0,0.282145454788077,186,186,1
"451",0,0.279491649565674,187,187,1
"217",1,0.277154276970677,188,188,1
"469",0,0.276858019968408,189,189,1
"495",0,0.273906987281985,190,190,1
"1270",0,0.272290051357049,191,191,1
"229",1,0.26791827421151,192,192,1
"755",0,0.26783238302139,193,193,1
"843",0,0.265787849665505,194,194,1
"672",0,0.264708647092238,195,195,1
"762",0,0.263628789129953,196,196,1
"230",1,0.26336947859333,197,197,1
"201",1,0.255187614545435,198,198,1
"225",1,0.253440479784143,199,199,1
"522",0,0.252721272072709,200,200,1
"765",0,0.251646831752406,201,201,1
"942",0,0.25145097585497,202,202,1
"569",0,0.251116748526245,203,203,1
"769",0,0.249873124491184,204,204,1
"514",0,0.249399739164519,205,205,1
"226",1,0.249367026015,206,206,1
"266",1,0.248678536143028,207,207,1
"587",0,0.24802829065243,208,208,1
"1280",0,0.247775432307813,209,209,1
"1218",0,0.245601659204012,210,210,1
"822",0,0.242940081707589,211,211,1
"554",0,0.242764194931681,212,212,1
"1297",0,0.242044415854279,213,213,1
"543",0,0.240893756853166,214,214,1
"483",0,0.240786983612295,215,215,1
"275",1,0.240738861115512,216,216,1
"1244",0,0.240013431921735,217,217,1
"1344",0,0.239038943090125,218,218,1
"484",0,0.238628850611052,219,219,1
"1255",0,0.237662491511318,220,220,1
"219",1,0.237501293876704,221,221,1
"470",0,0.23694469431287,222,222,1
"280",1,0.235259267352348,223,223,1
"919",0,0.234519186342717,224,224,1
"978",0,0.232612260178091,225,225,1
"758",0,0.232211647233332,226,226,1
"210",1,0.22978968634645,227,227,1
"291",1,0.229402324650994,228,228,1
"1247",0,0.229285968796511,229,229,1
"1368",0,0.229075446029921,230,230,1
"1290",0,0.227487432357913,231,231,1
"1338",0,0.226109578657108,232,232,1
"458",0,0.22560861407442,233,233,1
"582",0,0.224680822677175,234,234,1
"1330",0,0.224638199440183,235,235,1
"202",1,0.224234482400849,236,236,1
"518",0,0.223145363945338,237,237,1
"1317",0,0.222535650806996,238,238,1
"1348",0,0.222189403559663,239,239,1
"251",1,0.222111612825895,240,240,1
"278",1,0.219732223454159,241,241,1
"1303",0,0.218503854470885,242,242,1
"754",0,0.218121559826352,243,243,1
"811",0,0.216792619734579,244,244,1
"934",0,0.21545055088555,245,245,1
"285",1,0.215388089744912,246,246,1
"250",1,0.215069899807354,247,247,1
"510",0,0.214959625000903,248,248,1
"830",0,0.212252916694092,249,249,1
"492",0,0.211603286241366,250,250,1
"780",0,0.21089313096155,251,251,1
"452",0,0.209497663875251,252,252,1
"972",0,0.209484064181446,253,253,1
"475",0,0.209138734904484,254,254,1
"821",0,0.208309404532488,255,255,1
"292",1,0.206869550821495,256,256,1
"1328",0,0.20599318765224,257,257,1
"1258",0,0.205782238898235,258,258,1
"1254",0,0.205631472643139,259,259,1
"749",0,0.204406708099767,260,260,1
"673",0,0.201851014172998,261,261,1
"283",1,0.201314135811974,262,262,1
"282",1,0.200590894758907,263,263,1
"783",0,0.199342586537557,264,264,1
"790",0,0.198997805102735,265,265,1
"966",0,0.197279463036576,266,266,1
"951",0,0.196344061149181,267,267,1
"1343",0,0.195135791257598,268,268,1
"759",0,0.194233312943188,269,269,1
"498",0,0.194201830041094,270,270,1
"924",0,0.192613143411722,271,271,1
"474",0,0.1917558784367,272,272,1
"269",1,0.191736135827679,273,273,1
"212",1,0.191268886004016,274,274,1
"548",0,0.191056818371407,275,275,1
"490",0,0.190914612437729,276,276,1
"520",0,0.189856616333653,277,277,1
"205",1,0.189420500819819,278,278,1
"1340",0,0.189384476058561,279,279,1
"216",1,0.18932824478654,280,280,1
"579",0,0.188903658392553,281,281,1
"971",0,0.188169378112675,282,282,1
"585",0,0.187875929434452,283,283,1
"962",0,0.186662111017796,284,284,1
"491",0,0.186516250980302,285,285,1
"791",0,0.186507415458279,286,286,1
"1339",0,0.185398076858032,287,287,1
"457",0,0.18535716669481,288,288,1
"478",0,0.185035383357823,289,289,1
"947",0,0.184475853173141,290,290,1
"462",0,0.183644367774653,291,291,1
"281",1,0.18363454135854,292,292,1
"956",0,0.182996621972923,293,293,1
"221",1,0.182903394792516,294,294,1
"1214",0,0.182454656614078,295,295,1
"531",0,0.182291000189933,296,296,1
"807",0,0.18168506525804,297,297,1
"825",0,0.181276606058542,298,298,1
"262",1,0.179706576457612,299,299,1
"784",0,0.179522733400763,300,300,1
"751",0,0.179250797045664,301,301,1
"290",1,0.178840704518758,302,302,1
"1292",0,0.173723971651591,303,303,1
"836",0,0.173350569555818,304,304,1
"1375",0,0.172315402301186,305,305,1
"1250",0,0.170968100639325,306,306,1
"233",1,0.170922966164578,307,307,1
"557",0,0.170829302815554,308,308,1
"584",0,0.169588544118386,309,309,1
"254",1,0.169373947618593,310,310,1
"224",1,0.168947300211912,311,311,1
"945",0,0.168399975601421,312,312,1
"506",0,0.167536613853803,313,313,1
"534",0,0.167533563718026,314,314,1
"504",0,0.166518518627352,315,315,1
"930",0,0.1664878178043,316,316,1
"555",0,0.16490570480359,317,317,1
"1356",0,0.164444390182343,318,318,1
"1376",0,0.164274366076643,319,319,1
"477",0,0.162792339001069,320,320,1
"1321",0,0.162485433307378,321,321,2
"272",1,0.161816250852929,322,322,2
"953",0,0.16171895379537,323,323,2
"252",1,0.160856703114674,324,324,2
"1242",0,0.160628101468083,325,325,2
"969",0,0.160090313228086,326,326,2
"535",0,0.160050708028163,327,327,2
"485",0,0.159944947187612,328,328,2
"259",1,0.159876801421229,329,329,2
"228",1,0.1598055888894,330,330,2
"1307",0,0.159461113359875,331,331,2
"591",0,0.158648028141952,332,332,2
"819",0,0.158540048293254,333,333,2
"257",1,0.157202437209249,334,334,2
"842",0,0.156750557467656,335,335,2
"1225",0,0.155251693131652,336,336,2
"279",1,0.153635072379304,337,337,2
"794",0,0.152095936157661,338,338,2
"1239",0,0.151890168194106,339,339,2
"214",1,0.151829822115486,340,340,2
"519",0,0.15147476465514,341,341,2
"501",0,0.151261617912626,342,342,2
"1248",0,0.15076032816615,343,343,2
"926",0,0.150240831323348,344,344,2
"1240",0,0.149155606970067,345,345,2
"1315",0,0.148785277713141,346,346,2
"581",0,0.147009791228264,347,347,2
"1221",0,0.146813158040807,348,348,2
"1373",0,0.146500670754568,349,349,2
"561",0,0.146117952475073,350,350,2
"255",1,0.14610090566902,351,351,2
"208",1,0.145825081854401,352,352,2
"209",1,0.145032829272666,353,353,2
"466",0,0.142714311927896,354,354,2
"2664",0,0.141723006819286,355,355,2
"817",0,0.140868573151765,356,356,2
"958",0,0.140820634382608,357,357,2
"463",0,0.140399563357044,358,358,2
"782",0,0.139050103166724,359,359,2
"949",0,0.13853808954198,360,360,2
"590",0,0.136594340152399,361,361,2
"1226",0,0.135909200575776,362,362,2
"456",0,0.135510332896628,363,363,2
"948",0,0.135211230233491,364,364,2
"1283",0,0.132972185724742,365,365,2
"1298",0,0.131882328262394,366,366,2
"802",0,0.131480771120831,367,367,2
"803",0,0.131284297083033,368,368,2
"1372",0,0.130806555544326,369,369,2
"845",0,0.130741007805331,370,370,2
"1278",0,0.129780737580962,371,371,2
"1272",0,0.127895562973929,372,372,2
"911",0,0.127553309751289,373,373,2
"1265",0,0.126632351807095,374,374,2
"770",0,0.126282549084383,375,375,2
"1296",0,0.12626975020127,376,376,2
"1353",0,0.125997759462147,377,377,2
"1257",0,0.125627437308588,378,378,2
"785",0,0.124185962101883,379,379,2
"973",0,0.123994917697557,380,380,2
"1370",0,0.123703275571686,381,381,2
"558",0,0.12348805723624,382,382,2
"676",0,0.122879184971465,383,383,2
"835",0,0.122046089109018,384,384,2
"1302",0,0.121196809116986,385,385,2
"263",1,0.121057140178449,386,386,2
"488",0,0.120490776747173,387,387,2
"1311",0,0.120191275876012,388,388,2
"537",0,0.119683639808343,389,389,2
"293",1,0.119486895239801,390,390,2
"1271",0,0.116636911022518,391,391,2
"515",0,0.116183410020332,392,392,2
"757",0,0.11586386851761,393,393,2
"489",0,0.115654175506693,394,394,2
"1266",0,0.114728067766053,395,395,2
"937",0,0.114388147006823,396,396,2
"1334",0,0.11418970656772,397,397,2
"273",1,0.113613674168106,398,398,2
"256",1,0.113428032673353,399,399,2
"593",0,0.11155779993449,400,400,2
"941",0,0.111442997044834,401,401,2
"441",0,0.111240979985498,402,402,2
"563",0,0.111171275260088,403,403,2
"761",0,0.110196223319487,404,404,2
"977",0,0.108823656525455,405,405,2
"258",1,0.107093328055201,406,406,2
"1377",0,0.10681887418242,407,407,2
"1326",0,0.106765654173742,408,408,2
"573",0,0.106490113335654,409,409,2
"964",0,0.105310813391818,410,410,2
"847",0,0.102945000185157,411,411,2
"1350",0,0.102913925366776,412,412,2
"1316",0,0.10275449514613,413,413,2
"374",0,0.101872817956621,414,414,2
"1249",0,0.0992941758048207,415,415,2
"753",0,0.0990825405968057,416,416,2
"1277",0,0.0988640945386867,417,417,2
"955",0,0.0984838419018035,418,418,2
"1282",0,0.0973763708019405,419,419,2
"1341",0,0.0967378144483881,420,420,2
"544",0,0.0966554113047065,421,421,2
"1306",0,0.0964498747590655,422,422,2
"980",0,0.0961254963163862,423,423,2
"567",0,0.0944943521023592,424,424,2
"1318",0,0.0934480562425166,425,425,2
"812",0,0.0932070651065702,426,426,2
"833",0,0.0924695344772693,427,427,2
"814",0,0.0916714326948443,428,428,2
"1281",0,0.0910917526269348,429,429,2
"286",1,0.0910866168888602,430,430,2
"2432",0,0.0907687841241175,431,431,2
"565",0,0.0906406818076709,432,432,2
"503",0,0.0905447488494389,433,433,2
"1308",0,0.0883755739542428,434,434,2
"502",0,0.0864415569481415,435,435,2
"2310",0,0.0856378000019005,436,436,2
"2392",0,0.0844961148588666,437,437,2
"963",0,0.0844575451972392,438,438,2
"775",0,0.0842746759764524,439,439,2
"793",0,0.0837100469966745,440,440,2
"828",0,0.0831313071338744,441,441,2
"1347",0,0.082697488514657,442,442,2
"1371",0,0.0821948854546801,443,443,2
"2655",0,0.0814571208839044,444,444,2
"778",0,0.0810575287121048,445,445,2
"2681",0,0.0781973794598615,446,446,2
"2563",0,0.0774809999596716,447,447,2
"2626",0,0.0764343810212022,448,448,2
"570",0,0.0762231660029511,449,449,2
"2690",0,0.0736105319907688,450,450,2
"1335",0,0.0722335768365113,451,451,2
"1345",0,0.0715928326628673,452,452,2
"1224",0,0.0712570523779496,453,453,2
"2704",0,0.0704455992169478,454,454,2
"2582",0,0.0702628972272615,455,455,2
"552",0,0.069626492516938,456,456,2
"954",0,0.0690460654514434,457,457,2
"2350",0,0.0676479866364041,458,458,2
"2624",0,0.0664097588753957,459,459,2
"933",0,0.0658653105137508,460,460,2
"2665",0,0.0651688644395452,461,461,2
"564",0,0.0645936077508408,462,462,2
"2756",0,0.0643728191451865,463,463,2
"2500",0,0.0638826385948066,464,464,2
"550",0,0.0638548212810182,465,465,2
"2576",0,0.0638453199572565,466,466,2
"788",0,0.0638329675748569,467,467,2
"932",0,0.0634150635296702,468,468,2
"720",0,0.063102504716418,469,469,2
"2373",0,0.0627547260817451,470,470,2
"960",0,0.0590638395580668,471,471,2
"2710",0,0.0587047456810157,472,472,2
"399",0,0.0584952109910437,473,473,2
"2580",0,0.0583708424591241,474,474,2
"364",0,0.0582411920870638,475,475,2
"2733",0,0.058032707341932,476,476,2
"2767",0,0.0573585659645706,477,477,2
"430",0,0.0570279650050854,478,478,2
"2431",0,0.0568852454223151,479,479,2
"735",0,0.0568144493299687,480,480,2
"2461",0,0.0566996003022504,481,481,2
"2574",0,0.0564733460712544,482,482,2
"2412",0,0.0558559893007314,483,483,2
"1352",0,0.0552735869404157,484,484,2
"406",0,0.0548608625407686,485,485,2
"439",0,0.0541914144661122,486,486,2
"2639",0,0.0541808655102128,487,487,2
"2325",0,0.0533589337152992,488,488,2
"2575",0,0.0529765059828469,489,489,2
"2379",0,0.0527634275292775,490,490,2
"2502",0,0.0523380322353203,491,491,2
"2585",0,0.0515289567787477,492,492,2
"2302",0,0.0499780199179069,493,493,2
"2552",0,0.0499527703542055,494,494,2
"2579",0,0.0499402598179438,495,495,2
"2374",0,0.0496779480097502,496,496,2
"2718",0,0.0494611820690476,497,497,2
"471",0,0.0488252175065077,498,498,2
"2372",0,0.0485564908963517,499,499,2
"2570",0,0.0484001433648821,500,500,2
"1137",0,0.0473201528530946,501,501,2
"2548",0,0.0471933864345341,502,502,2
"2584",0,0.0470103856343801,503,503,2
"2526",0,0.0468603389160549,504,504,2
"397",0,0.0462137388069951,505,505,2
"2505",0,0.0461145338710922,506,506,2
"2315",0,0.0459931155092975,507,507,2
"884",0,0.0459142345571719,508,508,2
"2671",0,0.0458507929075938,509,509,2
"2333",0,0.0454369133356071,510,510,2
"2542",0,0.0452321030880678,511,511,2
"2364",0,0.0452216870314402,512,512,2
"2573",0,0.0449946726972754,513,513,2
"2429",0,0.0449777798998712,514,514,2
"2480",0,0.0449601190072887,515,515,2
"349",0,0.044921995586839,516,516,2
"2341",0,0.044604400951889,517,517,2
"2746",0,0.0445969134279378,518,518,2
"1146",0,0.0445824602453935,519,519,2
"2583",0,0.0443742945724976,520,520,2
"2687",0,0.0442463193047816,521,521,2
"2578",0,0.0437053938316046,522,522,2
"2637",0,0.043408697908506,523,523,2
"363",0,0.0432862294732722,524,524,2
"2700",0,0.0432119636650214,525,525,2
"2513",0,0.0429318756426803,526,526,2
"2559",0,0.0429226522729702,527,527,2
"910",0,0.0429056994313765,528,528,2
"864",0,0.0427622572702012,529,529,2
"2598",0,0.0426450406494541,530,530,2
"402",0,0.0423073851916481,531,531,2
"2661",0,0.0421849377092533,532,532,2
"743",0,0.0421179619507183,533,533,2
"1203",0,0.0414254783270091,534,534,2
"2532",0,0.0413457038168676,535,535,2
"2646",0,0.0410435602618165,536,536,3
"1032",0,0.0409412275319116,537,537,3
"745",0,0.0407868289837576,538,538,3
"2359",0,0.040756992484402,539,539,3
"2482",0,0.0406910691909925,540,540,3
"2353",0,0.0404263112766503,541,541,3
"714",0,0.0402803586812096,542,542,3
"2747",0,0.0400881411524773,543,543,3
"2469",0,0.0399696248284681,544,544,3
"2509",0,0.0399671730114627,545,545,3
"2547",0,0.039768515030344,546,546,3
"2313",0,0.039720564800537,547,547,3
"728",0,0.0396502172589416,548,548,3
"2507",0,0.0392304910340951,549,549,3
"1115",0,0.0391131244225569,550,550,3
"2324",0,0.0387604706763156,551,551,3
"385",0,0.0386439171692373,552,552,3
"447",0,0.0386186011925246,553,553,3
"410",0,0.0383766733859534,554,554,3
"2607",0,0.0383213356458067,555,555,3
"2455",0,0.0377269885886767,556,556,3
"871",0,0.0374858757021893,557,557,3
"389",0,0.0374211739481975,558,558,3
"1199",0,0.0373555532273598,559,559,3
"2489",0,0.0373536477543739,560,560,3
"2619",0,0.0372860415010572,561,561,3
"2738",0,0.0371730048169982,562,562,3
"362",0,0.0371605490360186,563,563,3
"2435",0,0.0369708982544614,564,564,3
"1183",0,0.0368846858601388,565,565,3
"2678",0,0.0368673930483816,566,566,3
"1110",0,0.0364991260798008,567,567,3
"1105",0,0.0362259141971249,568,568,3
"2604",0,0.0361691635483743,569,569,3
"2732",0,0.0361075035201023,570,570,3
"2396",0,0.0360996430090669,571,571,3
"2679",0,0.0360923338461235,572,572,3
"1154",0,0.0359681881457321,573,573,3
"394",0,0.0357016385577401,574,574,3
"2449",0,0.0356220926101912,575,575,3
"2597",0,0.0351918875525222,576,576,3
"2618",0,0.0349895959913201,577,577,3
"2450",0,0.0349178521028396,578,578,3
"2741",0,0.034906692104413,579,579,3
"1363",0,0.0348967737041975,580,580,3
"2439",0,0.0347572937409878,581,581,3
"379",0,0.0346757365899133,582,582,3
"2757",0,0.0346097034415199,583,583,3
"2673",0,0.0346077773146172,584,584,3
"892",0,0.0345267710945722,585,585,3
"2709",0,0.0343599596972407,586,586,3
"2506",0,0.0343174942140954,587,587,3
"2322",0,0.034310854397472,588,588,3
"2512",0,0.033750918436998,589,589,3
"1046",0,0.0336864831971686,590,590,3
"2519",0,0.0335974748508453,591,591,3
"527",0,0.0331791720698911,592,592,3
"2535",0,0.0331212655709088,593,593,3
"428",0,0.0330695903839455,594,594,3
"1096",0,0.0325344075698144,595,595,3
"1024",0,0.032330924689881,596,596,3
"2536",0,0.032232495360157,597,597,3
"2423",0,0.0322072880296878,598,598,3
"2667",0,0.0321711669828766,599,599,3
"2349",0,0.03206215023979,600,600,3
"440",0,0.0319619441141034,601,601,3
"2577",0,0.0318172655712579,602,602,3
"2441",0,0.0317492335222328,603,603,3
"2743",0,0.0313722670201537,604,604,3
"1323",0,0.031333945507953,605,605,3
"2601",0,0.0312570207653923,606,606,3
"867",0,0.0310213936194246,607,607,3
"2487",0,0.0309381144667499,608,608,3
"2422",0,0.0308843942790987,609,609,3
"716",0,0.0308209987210623,610,610,3
"2699",0,0.0304754437588763,611,611,3
"2395",0,0.030405060735688,612,612,3
"432",0,0.0302299487192117,613,613,3
"2640",0,0.0300405583405883,614,614,3
"874",0,0.0299550693668806,615,615,3
"1076",0,0.0298673940272403,616,616,3
"2385",0,0.029804402445477,617,617,3
"2378",0,0.0297652744057197,618,618,3
"738",0,0.0296109601696821,619,619,3
"1080",0,0.0295637728752223,620,620,3
"1192",0,0.0293136502586229,621,621,3
"883",0,0.029290035594734,622,622,3
"2462",0,0.029279180904766,623,623,3
"671",0,0.0292645083213897,624,624,3
"929",0,0.0291619434341622,625,625,3
"496",0,0.0291115772001241,626,626,3
"2564",0,0.0290787730066415,627,627,3
"1062",0,0.0289924714513937,628,628,3
"384",0,0.0288836385290875,629,629,3
"1060",0,0.0286673933228989,630,630,3
"2713",0,0.0286622724834959,631,631,3
"2339",0,0.0286212206202728,632,632,3
"2629",0,0.0285926629561352,633,633,3
"2534",0,0.0285771235147089,634,634,3
"2304",0,0.0283823313778632,635,635,3
"2404",0,0.0282278004753012,636,636,3
"2331",0,0.028112311475248,637,637,3
"2311",0,0.0280830994089206,638,638,3
"854",0,0.0280402833001983,639,639,3
"891",0,0.0278960845590987,640,640,3
"1174",0,0.0278940673384522,641,641,3
"1026",0,0.0276700308402408,642,642,3
"912",0,0.0274231452822578,643,643,3
"1106",0,0.0273721096445471,644,644,3
"2638",0,0.0273524368887329,645,645,3
"434",0,0.0271660189319742,646,646,3
"2516",0,0.0271231505190605,647,647,3
"1109",0,0.0271019096495294,648,648,3
"1305",0,0.0270657240416959,649,649,3
"2488",0,0.0270627677864406,650,650,3
"2711",0,0.0270055146368334,651,651,3
"2510",0,0.0269811999448012,652,652,3
"2525",0,0.0268930332992058,653,653,3
"2522",0,0.0267879376266109,654,654,3
"393",0,0.0264030009805082,655,655,3
"386",0,0.0263356459575533,656,656,3
"2614",0,0.0263350418803598,657,657,3
"740",0,0.0262671666990145,658,658,3
"2319",0,0.0262621119876126,659,659,3
"888",0,0.0262537858733917,660,660,3
"2688",0,0.0262375923888421,661,661,3
"1369",0,0.0262327502517146,662,662,3
"2753",0,0.026176657380607,663,663,3
"2362",0,0.0258102526467156,664,664,3
"1152",0,0.0257932335036787,665,665,3
"747",0,0.0255648229619823,666,666,3
"2581",0,0.0255430885410195,667,667,3
"446",0,0.0255422415218724,668,668,3
"513",0,0.0255323401033467,669,669,3
"2691",0,0.0255217117256992,670,670,3
"373",0,0.0255020569282823,671,671,3
"887",0,0.0254559837396797,672,672,3
"2517",0,0.0251620700236818,673,673,3
"1135",0,0.0249322128891856,674,674,3
"1061",0,0.0248917557612362,675,675,3
"2771",0,0.0248401393462056,676,676,3
"2721",0,0.0248282875507049,677,677,3
"2467",0,0.0248122415307084,678,678,3
"2696",0,0.0247182119045566,679,679,3
"2701",0,0.0246859454315707,680,680,3
"2321",0,0.0244446140332493,681,681,3
"2726",0,0.0244193162483762,682,682,3
"1207",0,0.0243603358209239,683,683,3
"815",0,0.0243590162294181,684,684,3
"1122",0,0.0243029360857761,685,685,3
"1209",0,0.0240187409759579,686,686,3
"2550",0,0.0239295715726623,687,687,3
"1103",0,0.0239123585370229,688,688,3
"741",0,0.0238335772554519,689,689,3
"2717",0,0.023773098956141,690,690,3
"876",0,0.0237277998517415,691,691,3
"2530",0,0.0237080747648122,692,692,3
"2539",0,0.023647451316175,693,693,3
"1188",0,0.023520140929659,694,694,3
"1045",0,0.0233926214542102,695,695,3
"908",0,0.0233679062070477,696,696,3
"453",0,0.0231557294600876,697,697,3
"885",0,0.0230965439083007,698,698,3
"426",0,0.0230004959208676,699,699,3
"850",0,0.0229994477843974,700,700,3
"2483",0,0.0229541722307484,701,701,3
"2595",0,0.0229142597239438,702,702,3
"1163",0,0.0229112351249424,703,703,3
"2398",0,0.0228542544757895,704,704,3
"2366",0,0.0228493705643734,705,705,3
"1128",0,0.022639201859164,706,706,3
"1126",0,0.0225487038271231,707,707,3
"2340",0,0.0225209421260449,708,708,3
"2714",0,0.02244571818446,709,709,3
"1213",0,0.0223849737893854,710,710,3
"806",0,0.0223380587281921,711,711,3
"1169",0,0.0223097120460651,712,712,3
"1184",0,0.0222956237189865,713,713,3
"2533",0,0.0221195630727257,714,714,3
"2622",0,0.0220911017709298,715,715,3
"2586",0,0.0220746862595201,716,716,3
"717",0,0.0220415538078027,717,717,3
"2763",0,0.0219687029065824,718,718,3
"834",0,0.0219135757131354,719,719,3
"863",0,0.021828198077656,720,720,3
"479",0,0.0217735878276251,721,721,3
"420",0,0.0216424872170087,722,722,3
"849",0,0.0216154914187557,723,723,3
"733",0,0.0215711153202516,724,724,3
"2508",0,0.0215665890107511,725,725,3
"1035",0,0.0215336396634524,726,726,3
"2599",0,0.0214328678769215,727,727,3
"1051",0,0.0213860655059502,728,728,3
"1084",0,0.0213516402455922,729,729,3
"2611",0,0.0211289980454543,730,730,3
"2762",0,0.0211288755377967,731,731,3
"2416",0,0.021013022097095,732,732,3
"1047",0,0.0207169993499513,733,733,3
"2442",0,0.0205917463266964,734,734,3
"858",0,0.0205220048164716,735,735,3
"2730",0,0.0205186224283238,736,736,3
"805",0,0.0204597179984077,737,737,3
"2706",0,0.0204006428420283,738,738,3
"2300",0,0.0203912725348536,739,739,3
"2631",0,0.0203452165456518,740,740,3
"1362",0,0.0203343987666395,741,741,3
"2328",0,0.0203043388669455,742,742,3
"1233",0,0.0202670792462148,743,743,3
"419",0,0.0201553053076045,744,744,3
"505",0,0.020142768661115,745,745,3
"2612",0,0.0199729790424867,746,746,3
"2553",0,0.0198716476744056,747,747,3
"1013",0,0.0198667699662101,748,748,3
"377",0,0.0198069068288851,749,749,4
"1252",0,0.0197995786466802,750,750,4
"408",0,0.019791145884348,751,751,4
"2554",0,0.0197061272913426,752,752,4
"2406",0,0.0196517331945412,753,753,4
"1141",0,0.0196448634583224,754,754,4
"2567",0,0.0195664313238867,755,755,4
"2760",0,0.0193494283572176,756,756,4
"2680",0,0.0193023664874071,757,757,4
"424",0,0.0192429448623592,758,758,4
"674",0,0.0192161965574411,759,759,4
"1148",0,0.019177980271645,760,760,4
"1182",0,0.0191058620973191,761,761,4
"905",0,0.0190788125660802,762,762,4
"2652",0,0.0190592221286909,763,763,4
"2314",0,0.0190405064537585,764,764,4
"940",0,0.0189764074579038,765,765,4
"2674",0,0.0189314289787444,766,766,4
"2642",0,0.0187161263548435,767,767,4
"357",0,0.0186724089668247,768,768,4
"1034",0,0.0186463196402833,769,769,4
"1176",0,0.0186165129240439,770,770,4
"2492",0,0.0184044579160044,771,771,4
"967",0,0.0183324376653619,772,772,4
"2357",0,0.0181178135009969,773,773,4
"1263",0,0.0180185695734967,774,774,4
"486",0,0.0179947001451768,775,775,4
"412",0,0.017972515846581,776,776,4
"918",0,0.0179627758097886,777,777,4
"2684",0,0.0178423919655973,778,778,4
"731",0,0.0178414712519631,779,779,4
"2317",0,0.0177429281067081,780,780,4
"976",0,0.0176583617653273,781,781,4
"1314",0,0.017644543333542,782,782,4
"2594",0,0.0174934324163681,783,783,4
"1116",0,0.0174921642993309,784,784,4
"2515",0,0.0174779663133334,785,785,4
"1098",0,0.0174229436097355,786,786,4
"2682",0,0.0174033607544043,787,787,4
"1082",0,0.0174022020286,788,788,4
"1227",0,0.0173785328251479,789,789,4
"1211",0,0.0172171457991019,790,790,4
"851",0,0.0171461644965023,791,791,4
"1017",0,0.0171453001294124,792,792,4
"2501",0,0.0170507226963538,793,793,4
"380",0,0.016929714436895,794,794,4
"886",0,0.0169266665879437,795,795,4
"1223",0,0.0168851404735706,796,796,4
"1022",0,0.0168741594819955,797,797,4
"1156",0,0.0168514493522147,798,798,4
"396",0,0.0167072486681869,799,799,4
"797",0,0.0166972597043721,800,800,4
"361",0,0.0166691213167256,801,801,4
"2724",0,0.0166406798004583,802,802,4
"2668",0,0.0166275946544773,803,803,4
"1147",0,0.0165650765349931,804,804,4
"1180",0,0.0164601990049271,805,805,4
"1043",0,0.0164372339540312,806,806,4
"950",0,0.0163960451575543,807,807,4
"2653",0,0.0163774764845474,808,808,4
"2414",0,0.0162736425528034,809,809,4
"826",0,0.0162044051169208,810,810,4
"904",0,0.0160617951736398,811,811,4
"2394",0,0.0160192779606986,812,812,4
"351",0,0.0159273450413501,813,813,4
"481",0,0.0158277702158454,814,814,4
"723",0,0.0158248922674491,815,815,4
"2426",0,0.0157676697445215,816,816,4
"1322",0,0.0157458903493276,817,817,4
"1131",0,0.0157425585034474,818,818,4
"1195",0,0.0156804957957385,819,819,4
"2590",0,0.0156108335513252,820,820,4
"1230",0,0.0155434013848479,821,821,4
"2425",0,0.0155395561485778,822,822,4
"798",0,0.0154633092044224,823,823,4
"1155",0,0.0154606582336836,824,824,4
"2370",0,0.0154433352149053,825,825,4
"768",0,0.0152362567842506,826,826,4
"2301",0,0.0151138918788241,827,827,4
"1081",0,0.0150212623265142,828,828,4
"354",0,0.0150138156242769,829,829,4
"1202",0,0.0149054324344895,830,830,4
"1073",0,0.0148492617843372,831,831,4
"1299",0,0.0148245427919145,832,832,4
"1222",0,0.0147923777089354,833,833,4
"1119",0,0.0147615624652829,834,834,4
"1253",0,0.0146810264052978,835,835,4
"2326",0,0.0146773160411698,836,836,4
"592",0,0.0146652035326752,837,837,4
"1359",0,0.014624880454474,838,838,4
"2616",0,0.014414128020771,839,839,4
"366",0,0.0143749053655148,840,840,4
"1215",0,0.0142264699684212,841,841,4
"2551",0,0.0141924675667162,842,842,4
"2593",0,0.0141905482065341,843,843,4
"1234",0,0.0141487015310121,844,844,4
"2752",0,0.0140145488387163,845,845,4
"2490",0,0.0138174622269834,846,846,4
"2336",0,0.0138153394752526,847,847,4
"1121",0,0.013763685053287,848,848,4
"2635",0,0.0137020538753562,849,849,4
"903",0,0.0135279858225292,850,850,4
"1294",0,0.0134205341707847,851,851,4
"893",0,0.0133312672492519,852,852,4
"1159",0,0.0133303940569904,853,853,4
"848",0,0.013297030896793,854,854,4
"1205",0,0.0132839813550352,855,855,4
"528",0,0.0132418428079755,856,856,4
"1191",0,0.0131702619174259,857,857,4
"2387",0,0.013164657260829,858,858,4
"2430",0,0.0131430214037351,859,859,4
"1210",0,0.0130939350927934,860,860,4
"764",0,0.0130840704418035,861,861,4
"877",0,0.0130639171784566,862,862,4
"946",0,0.012993699444438,863,863,4
"560",0,0.0129895095384741,864,864,4
"2720",0,0.0129504302554752,865,865,4
"1016",0,0.0129171698480368,866,866,4
"1019",0,0.0128960093792742,867,867,4
"1023",0,0.0128310165476781,868,868,4
"547",0,0.0125913733057931,869,869,4
"417",0,0.0125553303407609,870,870,4
"1236",0,0.0123728918876028,871,871,4
"1342",0,0.0123287223752774,872,872,4
"913",0,0.0122706928097095,873,873,4
"1379",0,0.0120803428045008,874,874,4
"536",0,0.0119684697338204,875,875,4
"1160",0,0.0119310689726612,876,876,4
"461",0,0.0118869919668988,877,877,4
"1304",0,0.0118638521775258,878,878,4
"979",0,0.011858276412607,879,879,4
"1108",0,0.0118243749535022,880,880,4
"454",0,0.0117802426303667,881,881,4
"2983",0,0.0116844965927128,882,882,4
"355",0,0.0115266021611317,883,883,4
"1100",0,0.011489812421101,884,884,4
"1327",0,0.0114564744331128,885,885,4
"952",0,0.0114557861054807,886,886,4
"1333",0,0.0114554587422295,887,887,4
"1229",0,0.0114454573243151,888,888,4
"860",0,0.0114444475742982,889,889,4
"2992",0,0.0113229373642661,890,890,4
"1360",0,0.0113121154404574,891,891,4
"487",0,0.0113113294099352,892,892,4
"1127",0,0.0112134488772118,893,893,4
"777",0,0.011176562670836,894,894,4
"1086",0,0.0111327652153436,895,895,4
"1143",0,0.0110406192379662,896,896,4
"776",0,0.0109625262824367,897,897,4
"3003",1,0.0107981560261021,898,898,4
"1367",0,0.0107632511880484,899,899,4
"1038",0,0.010625924373614,900,900,4
"1020",0,0.0105547658963308,901,901,4
"1133",0,0.0105111485222362,902,902,4
"829",0,0.0104754520540706,903,903,4
"853",0,0.0104497229181583,904,904,4
"580",0,0.0104031273425307,905,905,4
"959",0,0.0103823833186506,906,906,4
"1267",0,0.010177985649991,907,907,4
"1289",0,0.0100733554919844,908,908,4
"1194",0,0.0100424360434573,909,909,4
"1243",0,0.00998305603226233,910,910,4
"1064",0,0.00943692536196733,911,911,4
"467",0,0.00942133790463517,912,912,4
"1120",0,0.0093527091346261,913,913,4
"1083",0,0.009321187819414,914,914,4
"2947",0,0.00908384475369479,915,915,4
"1273",0,0.00898920891670553,916,916,4
"931",0,0.00896980460713986,917,917,4
"2436",0,0.00870879189224962,918,918,4
"1216",0,0.00867945313544616,919,919,4
"3006",0,0.00829939579928744,920,920,4
"551",0,0.008231160473173,921,921,4
"1162",0,0.00813513091817844,922,922,4
"927",0,0.00812221304545843,923,923,4
"715",0,0.00808979007853578,924,924,4
"831",0,0.00808568834477628,925,925,4
"409",0,0.00796814357128327,926,926,4
"1040",0,0.00792596134655775,927,927,4
"549",0,0.00789389455698187,928,928,4
"3034",0,0.00788669814855229,929,929,4
"808",0,0.00776242005406045,930,930,4
"823",0,0.00773300871411006,931,931,4
"2740",0,0.00763741375499839,932,932,4
"944",0,0.00762509801861203,933,933,4
"1355",0,0.00756707579161333,934,934,4
"1329",0,0.00753389310816721,935,935,4
"1238",0,0.00751199346153972,936,936,4
"907",0,0.00749278348450309,937,937,4
"1217",0,0.0074393030295824,938,938,4
"1029",0,0.00728682053693977,939,939,4
"2976",0,0.00721337700385188,940,940,4
"2935",0,0.00716994909396442,941,941,4
"2388",0,0.00708300986781713,942,942,4
"568",0,0.00706756234634731,943,943,4
"773",0,0.00693100403695071,944,944,4
"820",0,0.00671362287610085,945,945,4
"818",0,0.00666306273853063,946,946,4
"425",0,0.0065599194049451,947,947,4
"1090",0,0.00653861308361751,948,948,4
"1378",0,0.0064240550713666,949,949,4
"577",0,0.0063903115439832,950,950,4
"3027",0,0.00635302229562655,951,951,4
"583",0,0.00622549657894616,952,952,4
"840",0,0.00621494284773576,953,953,4
"1312",0,0.00620565958134437,954,954,4
"1219",0,0.0061667277605843,955,955,4
"1241",0,0.00614779289280768,956,956,4
"1235",0,0.00611274827173954,957,957,4
"2960",0,0.0061032763177,958,958,4
"974",0,0.00610094206040626,959,959,4
"3030",0,0.00602034557010433,960,960,4
"3042",0,0.00591837020490489,961,961,4
"2478",0,0.00591757836397612,962,962,4
"3047",0,0.00591512159149736,963,963,4
"2939",0,0.00580737390196604,964,964,5
"2608",0,0.00562421575619361,965,965,5
"3035",0,0.00558048257764097,966,966,5
"2417",0,0.00556664220497352,967,967,5
"3010",0,0.00545806767526915,968,968,5
"2977",0,0.00542717406333599,969,969,5
"2998",0,0.00537547770404534,970,970,5
"2458",0,0.00524304875580032,971,971,5
"922",0,0.00520977081799955,972,972,5
"449",0,0.00520958037909471,973,973,5
"1256",0,0.00511637105756344,974,974,5
"433",0,0.00497604431267132,975,975,5
"2437",0,0.00490504870422031,976,976,5
"524",0,0.00490163505224514,977,977,5
"378",0,0.00486140584940206,978,978,5
"369",0,0.00475698590914054,979,979,5
"2943",0,0.00473427264183533,980,980,5
"3026",0,0.00470874476583942,981,981,5
"3038",0,0.00467890950870817,982,982,5
"2403",0,0.00467092722538312,983,983,5
"3043",0,0.00465052190445857,984,984,5
"2625",0,0.00462071996757122,985,985,5
"1027",0,0.00460490647956131,986,986,5
"392",0,0.00459405890874687,987,987,5
"2692",0,0.00458228647976463,988,988,5
"875",0,0.00457406499560624,989,989,5
"2703",0,0.00453837492814192,990,990,5
"2942",0,0.00448860153403583,991,991,5
"2973",0,0.00443728041224182,992,992,5
"1070",0,0.00425305908599324,993,993,5
"2748",0,0.00422442304362079,994,994,5
"2956",0,0.00418509288175128,995,995,5
"437",0,0.0041800098278041,996,996,5
"387",0,0.00416820027368154,997,997,5
"2765",0,0.00409741629049547,998,998,5
"2651",0,0.00408952456302552,999,999,5
"2413",0,0.003964077658411,1000,1000,5
"358",0,0.00392613450331993,1001,1001,5
"383",0,0.00386405507205713,1002,1002,5
"395",0,0.00384884441032186,1003,1003,5
"2520",0,0.0038169184678202,1004,1004,5
"2384",0,0.00381387362520802,1005,1005,5
"2451",0,0.00380416019491988,1006,1006,5
"2694",0,0.00365878088546429,1007,1007,5
"2768",0,0.00360932363214892,1008,1008,5
"2708",0,0.0035696186830688,1009,1009,5
"2978",0,0.00356541873942913,1010,1010,5
"2428",0,0.00354446597240072,1011,1011,5
"2660",0,0.00351053985251431,1012,1012,5
"2963",0,0.00348992311116501,1013,1013,5
"3001",1,0.00348938438708086,1014,1014,5
"1185",0,0.00347428148159114,1015,1015,5
"2937",0,0.00344408460149813,1016,1016,5
"889",0,0.00344187147236451,1017,1017,5
"2672",0,0.00344093638783014,1018,1018,5
"3000",0,0.00342971805621284,1019,1019,5
"2745",0,0.00342770668980925,1020,1020,5
"2993",0,0.00340547981802086,1021,1021,5
"3024",0,0.00332036809770494,1022,1022,5
"413",0,0.00330052716727076,1023,1023,5
"2375",0,0.00327667482576207,1024,1024,5
"2997",0,0.00324622281253909,1025,1025,5
"2693",0,0.00324022615845232,1026,1026,5
"2656",0,0.00323826013321497,1027,1027,5
"2712",0,0.0032159922004252,1028,1028,5
"880",0,0.0031835318597354,1029,1029,5
"3028",0,0.00317747108906249,1030,1030,5
"368",0,0.00310958371524569,1031,1031,5
"2440",0,0.00310061810184859,1032,1032,5
"1158",0,0.00309606114830751,1033,1033,5
"407",0,0.00308807349072653,1034,1034,5
"3008",0,0.00302582545913785,1035,1035,5
"719",0,0.00301217786779014,1036,1036,5
"3018",0,0.0030110627458406,1037,1037,5
"3050",0,0.00296098917134553,1038,1038,5
"2990",0,0.00294476092434292,1039,1039,5
"742",0,0.0029421708179657,1040,1040,5
"2716",0,0.00292739621974936,1041,1041,5
"2557",0,0.00290299320803634,1042,1042,5
"2949",0,0.00288007517375667,1043,1043,5
"2958",0,0.00287104236904874,1044,1044,5
"2772",0,0.00284000244021646,1045,1045,5
"2433",0,0.00281481704947583,1046,1046,5
"2354",0,0.00281310709361672,1047,1047,5
"2946",0,0.00277676034094444,1048,1048,5
"2386",0,0.00277238785701381,1049,1049,5
"2329",0,0.00274915318347999,1050,1050,5
"2408",0,0.00274519482491864,1051,1051,5
"2572",0,0.00274177105070082,1052,1052,5
"2481",0,0.00272575638200307,1053,1053,5
"2648",0,0.00271807729157144,1054,1054,5
"350",0,0.00271520426924758,1055,1055,5
"2742",0,0.00268769579469024,1056,1056,5
"2472",0,0.002675687677195,1057,1057,5
"1197",0,0.00267095619104923,1058,1058,5
"2418",0,0.00263553390612143,1059,1059,5
"2419",0,0.0025666555471591,1060,1060,5
"2402",0,0.00256275696336442,1061,1061,5
"2589",0,0.0025487445293012,1062,1062,5
"2303",0,0.00254053402459087,1063,1063,5
"371",0,0.0025322450822047,1064,1064,5
"2621",0,0.00252570526089995,1065,1065,5
"2497",0,0.00251806177728918,1066,1066,5
"2558",0,0.00248475579888172,1067,1067,5
"2987",0,0.00247048960351155,1068,1068,5
"732",0,0.00244688973345963,1069,1069,5
"2504",0,0.00242787177777024,1070,1070,5
"2974",0,0.00241870941892279,1071,1071,5
"2996",0,0.00240255985641818,1072,1072,5
"2984",0,0.00238497094664382,1073,1073,5
"1049",0,0.00237773618299021,1074,1074,5
"744",0,0.00237397835411433,1075,1075,5
"3011",0,0.00235477212398659,1076,1076,5
"2970",0,0.00234837818368186,1077,1077,5
"2503",0,0.00232490591444375,1078,1078,5
"2306",0,0.00230613307635003,1079,1079,5
"1063",0,0.00230359572034667,1080,1080,5
"2729",0,0.00228928691948399,1081,1081,5
"2537",0,0.00227483714265864,1082,1082,5
"882",0,0.00227001393941549,1083,1083,5
"2707",0,0.00224320932065445,1084,1084,5
"746",0,0.00222007644619774,1085,1085,5
"2944",0,0.00221782944778133,1086,1086,5
"2750",0,0.00221212202348086,1087,1087,5
"382",0,0.0022095373061941,1088,1088,5
"2383",0,0.00218061269120869,1089,1089,5
"2524",0,0.00217196644469221,1090,1090,5
"1198",0,0.00216236835528049,1091,1091,5
"736",0,0.00215880213351836,1092,1092,5
"2630",0,0.0021539029480108,1093,1093,5
"1091",0,0.00213165666185117,1094,1094,5
"359",0,0.0021237759774487,1095,1095,5
"712",0,0.00212115195407883,1096,1096,5
"2415",0,0.00208405743934521,1097,1097,5
"2685",0,0.00208401692482148,1098,1098,5
"3022",0,0.00206176587036448,1099,1099,5
"2393",0,0.00204939074865043,1100,1100,5
"2728",0,0.00200113054408203,1101,1101,5
"2397",0,0.00197671352418978,1102,1102,5
"1104",0,0.00196646374043227,1103,1103,5
"2401",0,0.00194043661457147,1104,1104,5
"2438",0,0.00193573713949798,1105,1105,5
"1114",0,0.00193340599583179,1106,1106,5
"2347",0,0.00189715151641308,1107,1107,5
"909",0,0.00187392096197688,1108,1108,5
"2773",0,0.0018674079951422,1109,1109,5
"2476",0,0.00185661243982971,1110,1110,5
"1140",0,0.00185209468817531,1111,1111,5
"2454",0,0.00184686542025239,1112,1112,5
"3025",0,0.00184519804855964,1113,1113,5
"2307",0,0.00182563680195882,1114,1114,5
"2560",0,0.00182085071414836,1115,1115,5
"2938",0,0.00181872402792514,1116,1116,5
"2338",0,0.00181142491393237,1117,1117,5
"2424",0,0.00178858579251966,1118,1118,5
"1173",0,0.00173814523557995,1119,1119,5
"727",0,0.00169875467601893,1120,1120,5
"435",0,0.0016934219174363,1121,1121,5
"2991",0,0.00169247436114262,1122,1122,5
"2705",0,0.00168974727264638,1123,1123,5
"726",0,0.00167134218474534,1124,1124,5
"2434",0,0.00166846225614163,1125,1125,5
"2369",0,0.00166254440216231,1126,1126,5
"2541",0,0.00165613317914536,1127,1127,5
"1139",0,0.00163304162951526,1128,1128,5
"1111",0,0.00162062410539723,1129,1129,5
"3019",0,0.00159975168189405,1130,1130,5
"2351",0,0.0015914562116418,1131,1131,5
"1077",0,0.00158989533283574,1132,1132,5
"2736",0,0.00158942793027494,1133,1133,5
"1065",0,0.0015776231823668,1134,1134,5
"2445",0,0.00156212572423891,1135,1135,5
"2755",0,0.00155877106323313,1136,1136,5
"2566",0,0.0015497475622519,1137,1137,5
"1134",0,0.00154507856792866,1138,1138,5
"356",0,0.00153822805263053,1139,1139,5
"872",0,0.00151174911020902,1140,1140,5
"1107",0,0.00151062892594807,1141,1141,5
"1033",0,0.00144972685331524,1142,1142,5
"2464",0,0.00144406505511931,1143,1143,5
"2348",0,0.00144278995488487,1144,1144,5
"2715",0,0.00144155447460409,1145,1145,5
"2446",0,0.00144009781990384,1146,1146,5
"1101",0,0.00143899995626465,1147,1147,5
"739",0,0.00143334885807048,1148,1148,5
"2731",0,0.00142057038345057,1149,1149,5
"1048",0,0.00140958626379266,1150,1150,5
"2466",0,0.00139512433297172,1151,1151,5
"2647",0,0.00139436655053599,1152,1152,5
"2367",0,0.00137671467175068,1153,1153,5
"2346",0,0.00135393561493129,1154,1154,5
"1168",0,0.00134709122712823,1155,1155,5
"2948",0,0.00134426291265019,1156,1156,5
"2405",0,0.00133661931664565,1157,1157,5
"1052",0,0.00129602498003969,1158,1158,5
"1039",0,0.0012928441008718,1159,1159,5
"2669",0,0.00128068037908971,1160,1160,5
"2556",0,0.00127891805162687,1161,1161,5
"1087",0,0.00126174984230471,1162,1162,5
"2471",0,0.00124858652856677,1163,1163,5
"1075",0,0.00123849302173485,1164,1164,5
"865",0,0.00122557993125472,1165,1165,5
"1057",0,0.00122417163512024,1166,1166,5
"2761",0,0.00120353230448591,1167,1167,5
"1123",0,0.00119627695506531,1168,1168,5
"873",0,0.00118739754091986,1169,1169,5
"375",0,0.00115834130891797,1170,1170,5
"2751",0,0.0011558852305871,1171,1171,5
"423",0,0.00113372610370455,1172,1172,5
"1138",0,0.00112996989679278,1173,1173,5
"857",0,0.00112909436624707,1174,1174,5
"862",0,0.00111159385058157,1175,1175,5
"443",0,0.00107288872582697,1176,1176,5
"1059",0,0.00105803711558176,1177,1177,6
"2477",0,0.00105318246441336,1178,1178,6
"856",0,0.00105311546925039,1179,1179,6
"2495",0,0.00105027197735095,1180,1180,6
"2344",0,0.00102997693368761,1181,1181,6
"1117",0,0.00098702851412271,1182,1182,6
"2337",0,0.000986801766021389,1183,1183,6
"1056",0,0.000984357884097109,1184,1184,6
"2474",0,0.000976536168362106,1185,1185,6
"1208",0,0.00091720621924989,1186,1186,6
"2352",0,0.000890086815580919,1187,1187,6
"2609",0,0.000886073974297641,1188,1188,6
"718",0,0.000877032977758395,1189,1189,6
"1036",0,0.000861950747003761,1190,1190,6
"1142",0,0.000837808173589052,1191,1191,6
"737",0,0.000821601774387435,1192,1192,6
"1041",0,0.000803136409975337,1193,1193,6
"1066",0,0.000799856018022411,1194,1194,6
"870",0,0.000791398084366872,1195,1195,6
"724",0,0.000789116241770062,1196,1196,6
"1170",0,0.000779491273300665,1197,1197,6
"1130",0,0.00072801849127368,1198,1198,6
"1079",0,0.000634784907392938,1199,1199,6
"2994",0,0.000592420001156181,1200,1200,6
"1088",0,0.000547652335648175,1201,1201,6
"3002",1,0.000514646084292261,1202,1202,6
"1153",0,0.000477400976750403,1203,1203,6
"902",0,0.000465525224280293,1204,1204,6
"3041",0,0.000457474560420687,1205,1205,6
"2952",0,0.000440754976572694,1206,1206,6
"1025",0,0.000431212703579225,1207,1207,6
"3046",0,0.000424338277365342,1208,1208,6
"3020",0,0.000418397404909002,1209,1209,6
"1078",0,0.000379749524542441,1210,1210,6
"2957",0,0.000370704795036837,1211,1211,6
"1187",0,0.000360764956668011,1212,1212,6
"3048",0,0.00035627256059735,1213,1213,6
"2979",0,0.000351004965548779,1214,1214,6
"2972",0,0.00034921542519756,1215,1215,6
"3049",0,0.000300889097102809,1216,1216,6
"3044",0,0.000298137349840404,1217,1217,6
"2981",0,0.000293907178930331,1218,1218,6
"3005",1,0.000291987172184979,1219,1219,6
"2965",0,0.000290490418877582,1220,1220,6
"2966",0,0.00028886146300119,1221,1221,6
"2971",0,0.000275823989577425,1222,1222,6
"2995",0,0.000275069156346102,1223,1223,6
"2968",0,0.000264952689827542,1224,1224,6
"2989",0,0.000242881908384836,1225,1225,6
"2975",0,0.00022481479048132,1226,1226,6
"2941",0,0.000201532325578688,1227,1227,6
"2986",0,0.000197022158807493,1228,1228,6
"3037",0,0.000194925388736586,1229,1229,6
"1600",0,0.000193035485769293,1230,1230,6
"3013",0,0.00018421511454825,1231,1231,6
"2950",0,0.000178734552129255,1232,1232,6
"297",1,0.000173130319219906,1233,1233,6
"2967",0,0.000157622087492724,1234,1234,6
"1938",0,0.000152165124041058,1235,1235,6
"1640",0,0.000149159835958611,1236,1236,6
"1714",0,0.000147585088115335,1237,1237,6
"634",0,0.000146546693612334,1238,1238,6
"1817",0,0.000141054636130438,1239,1239,6
"1644",0,0.00014105129848209,1240,1240,6
"1459",0,0.000140279596739675,1241,1241,6
"1663",0,0.000137518891894423,1242,1242,6
"606",0,0.000131823160411482,1243,1243,6
"1934",0,0.000127818504141587,1244,1244,6
"1649",0,0.000126726070834108,1245,1245,6
"1528",0,0.000125756108666142,1246,1246,6
"1804",0,0.0001253334725764,1247,1247,6
"1743",0,0.00012388266961849,1248,1248,6
"1397",0,0.000122063856167783,1249,1249,6
"1578",0,0.00012048210239401,1250,1250,6
"1857",0,0.000114521891513916,1251,1251,6
"1546",0,0.000113856248544746,1252,1252,6
"2945",0,0.000113740553534199,1253,1253,6
"1508",0,0.00011181595018153,1254,1254,6
"666",0,0.000111493735918616,1255,1255,6
"596",0,0.000111369150421278,1256,1256,6
"1408",0,0.000110323802600203,1257,1257,6
"1422",0,0.000108188006881821,1258,1258,6
"1949",0,0.000105404828103562,1259,1259,6
"1404",0,0.000103861069568307,1260,1260,6
"616",0,0.000101138043896165,1261,1261,6
"3023",0,0.000100899847545127,1262,1262,6
"1657",0,9.81999218616397e-05,1263,1263,6
"631",0,9.78474049999273e-05,1264,1264,6
"1677",0,9.74598795439866e-05,1265,1265,6
"1848",0,9.67167452121513e-05,1266,1266,6
"1601",0,9.55852749713041e-05,1267,1267,6
"1962",0,9.40129286334229e-05,1268,1268,6
"1572",0,9.3974614635583e-05,1269,1269,6
"1773",0,9.30388385266293e-05,1270,1270,6
"1798",0,9.24163072433373e-05,1271,1271,6
"313",0,9.11212603827521e-05,1272,1272,6
"1622",0,9.10792459455448e-05,1273,1273,6
"1992",0,9.0751193594129e-05,1274,1274,6
"1712",0,9.06998239093082e-05,1275,1275,6
"1720",0,9.01718540949272e-05,1276,1276,6
"1450",0,9.00859646911138e-05,1277,1277,6
"1420",0,8.96164622300668e-05,1278,1278,6
"1612",0,8.9211696326186e-05,1279,1279,6
"622",0,8.88723279319173e-05,1280,1280,6
"661",0,8.84438437561945e-05,1281,1281,6
"1666",0,8.80177292839818e-05,1282,1282,6
"1990",0,8.78309598226176e-05,1283,1283,6
"645",0,8.7650892569401e-05,1284,1284,6
"1730",0,8.70825363016088e-05,1285,1285,6
"1936",0,8.68966679670931e-05,1286,1286,6
"1492",0,8.65190364038987e-05,1287,1287,6
"1851",0,8.64931493231954e-05,1288,1288,6
"1633",0,8.64837319788073e-05,1289,1289,6
"1758",0,8.61073690104477e-05,1290,1290,6
"296",1,8.53705315173899e-05,1291,1291,6
"657",0,8.46757807374945e-05,1292,1292,6
"1876",0,8.32493936235574e-05,1293,1293,6
"1646",0,8.2588035411823e-05,1294,1294,6
"298",1,8.2570040258829e-05,1295,1295,6
"1815",0,8.21972743549304e-05,1296,1296,6
"1963",0,8.15766476322621e-05,1297,1297,6
"1575",0,8.08792575146123e-05,1298,1298,6
"610",0,8.01390519938254e-05,1299,1299,6
"1446",0,7.92491395921163e-05,1300,1300,6
"1381",0,7.89319960974775e-05,1301,1301,6
"1613",0,7.88850729953059e-05,1302,1302,6
"1511",0,7.8872406897689e-05,1303,1303,6
"1747",0,7.80666248564814e-05,1304,1304,6
"1965",0,7.76377318202637e-05,1305,1305,6
"1755",0,7.69798345602131e-05,1306,1306,6
"1729",0,7.68337545375683e-05,1307,1307,6
"1873",0,7.67209396878196e-05,1308,1308,6
"1599",0,7.53779128575236e-05,1309,1309,6
"1978",0,7.49831907995127e-05,1310,1310,6
"1799",0,7.48432773584237e-05,1311,1311,6
"1968",0,7.37506908343921e-05,1312,1312,6
"1700",0,7.33839236852351e-05,1313,1313,6
"1494",0,7.30605430125893e-05,1314,1314,6
"1606",0,7.26206722340371e-05,1315,1315,6
"1703",0,7.24690002135696e-05,1316,1316,6
"1553",0,7.23759205782762e-05,1317,1317,6
"1768",0,7.23684107765613e-05,1318,1318,6
"1964",0,7.2049729300956e-05,1319,1319,6
"1877",0,7.19447914457943e-05,1320,1320,6
"1474",0,7.14451228880386e-05,1321,1321,6
"1530",0,7.09468310499755e-05,1322,1322,6
"1490",0,7.04036111999406e-05,1323,1323,6
"625",0,7.03884167032871e-05,1324,1324,6
"1916",0,7.03075994518238e-05,1325,1325,6
"1845",0,7.00414775937191e-05,1326,1326,6
"1595",0,6.94242494945159e-05,1327,1327,6
"1780",0,6.92976673482176e-05,1328,1328,6
"646",0,6.91196078772333e-05,1329,1329,6
"663",0,6.87011084133645e-05,1330,1330,6
"1835",0,6.8012056228815e-05,1331,1331,6
"1688",0,6.7625311484861e-05,1332,1332,6
"658",0,6.74940429905794e-05,1333,1333,6
"641",0,6.74472774028741e-05,1334,1334,6
"1988",0,6.72847560030939e-05,1335,1335,6
"1779",0,6.70298198591312e-05,1336,1336,6
"1977",0,6.69232390047624e-05,1337,1337,6
"1451",0,6.6888494850052e-05,1338,1338,6
"1939",0,6.67397021793212e-05,1339,1339,6
"1778",0,6.65516073274956e-05,1340,1340,6
"1413",0,6.61333108937085e-05,1341,1341,6
"1953",0,6.60678152053592e-05,1342,1342,6
"1679",0,6.60111433782358e-05,1343,1343,6
"1504",0,6.56557077583855e-05,1344,1344,6
"1724",0,6.5651010343963e-05,1345,1345,6
"1620",0,6.55571354823515e-05,1346,1346,6
"1719",0,6.543559148714e-05,1347,1347,6
"1739",0,6.53436170084941e-05,1348,1348,6
"598",0,6.48702382968331e-05,1349,1349,6
"1670",0,6.42369066626487e-05,1350,1350,6
"1813",0,6.37993490489467e-05,1351,1351,6
"1676",0,6.36435233612363e-05,1352,1352,6
"1982",0,6.31349703582203e-05,1353,1353,6
"1543",0,6.30485668521915e-05,1354,1354,6
"1498",0,6.28894119306363e-05,1355,1355,6
"1983",0,6.26833156328192e-05,1356,1356,6
"1909",0,6.24693914330476e-05,1357,1357,6
"1941",0,6.23764431594887e-05,1358,1358,6
"1997",0,6.23347135630398e-05,1359,1359,6
"1710",0,6.22019902639402e-05,1360,1360,6
"1542",0,6.19108330086204e-05,1361,1361,6
"1529",0,6.12974471580382e-05,1362,1362,6
"1495",0,6.12692945489221e-05,1363,1363,6
"1763",0,6.11600705536808e-05,1364,1364,6
"644",0,6.1058454241122e-05,1365,1365,6
"1869",0,6.05865309910293e-05,1366,1366,6
"594",0,6.04758852573729e-05,1367,1367,6
"654",0,6.00159693352233e-05,1368,1368,6
"1774",0,5.96472483701659e-05,1369,1369,6
"597",0,5.95690757468241e-05,1370,1370,6
"1732",0,5.9278473555599e-05,1371,1371,6
"1695",0,5.90622443564976e-05,1372,1372,6
"1790",0,5.90463870321398e-05,1373,1373,6
"1762",0,5.90353197637878e-05,1374,1374,6
"1396",0,5.86529395888973e-05,1375,1375,6
"618",0,5.83493461469242e-05,1376,1376,6
"1554",0,5.81141248355898e-05,1377,1377,6
"614",0,5.79812012448652e-05,1378,1378,6
"1924",0,5.77802001551787e-05,1379,1379,6
"1920",0,5.77541734241583e-05,1380,1380,6
"650",0,5.76112678921634e-05,1381,1381,6
"1794",0,5.7530182075736e-05,1382,1382,6
"1809",0,5.71234006359596e-05,1383,1383,6
"620",0,5.67320477511412e-05,1384,1384,6
"1793",0,5.66850184165235e-05,1385,1385,6
"1471",0,5.65554436162299e-05,1386,1386,6
"651",0,5.63357949086707e-05,1387,1387,6
"1816",0,5.6110581717273e-05,1388,1388,6
"1558",0,5.60225342872232e-05,1389,1389,6
"1721",0,5.59214519872916e-05,1390,1390,6
"1502",0,5.57751908589538e-05,1391,1391,6
"1547",0,5.50078952869923e-05,1392,1392,7
"613",0,5.45281134008024e-05,1393,1393,7
"1948",0,5.43024975009711e-05,1394,1394,7
"1787",0,5.37503688542972e-05,1395,1395,7
"1725",0,5.36797530185127e-05,1396,1396,7
"1825",0,5.34657402345183e-05,1397,1397,7
"1675",0,5.33348068633154e-05,1398,1398,7
"1766",0,5.28400660690687e-05,1399,1399,7
"1497",0,5.25208686786185e-05,1400,1400,7
"1911",0,5.23997686861188e-05,1401,1401,7
"1585",0,5.22883413734918e-05,1402,1402,7
"1444",0,5.22194296468674e-05,1403,1403,7
"605",0,5.19482104294084e-05,1404,1404,7
"1619",0,5.17145502760627e-05,1405,1405,7
"1737",0,5.14479711319024e-05,1406,1406,7
"1944",0,5.1382545860345e-05,1407,1407,7
"301",0,5.08267420661261e-05,1408,1408,7
"1902",0,5.07289888164998e-05,1409,1409,7
"1759",0,5.05576878237271e-05,1410,1410,7
"1842",0,5.03646761739165e-05,1411,1411,7
"1946",0,5.0042421374376e-05,1412,1412,7
"1734",0,5.003370732886e-05,1413,1413,7
"1383",0,4.955842152658e-05,1414,1414,7
"1895",0,4.93408681104779e-05,1415,1415,7
"1826",0,4.88848935942221e-05,1416,1416,7
"1707",0,4.85923437768102e-05,1417,1417,7
"1463",0,4.82559332474211e-05,1418,1418,7
"1870",0,4.82497882627353e-05,1419,1419,7
"1862",0,4.82256668993174e-05,1420,1420,7
"1733",0,4.79963400348645e-05,1421,1421,7
"1802",0,4.78405430806224e-05,1422,1422,7
"1933",0,4.76555753573096e-05,1423,1423,7
"1672",0,4.75403197876017e-05,1424,1424,7
"1411",0,4.72468176640234e-05,1425,1425,7
"1900",0,4.70232087866709e-05,1426,1426,7
"1951",0,4.69955749188534e-05,1427,1427,7
"1741",0,4.69376945282123e-05,1428,1428,7
"1776",0,4.67783424600275e-05,1429,1429,7
"1715",0,4.64761779616245e-05,1430,1430,7
"1593",0,4.64321465688535e-05,1431,1431,7
"1654",0,4.63152866490631e-05,1432,1432,7
"1537",0,4.59366253537676e-05,1433,1433,7
"642",0,4.56999220284409e-05,1434,1434,7
"314",0,4.48954538583524e-05,1435,1435,7
"1467",0,4.46316648561049e-05,1436,1436,7
"1445",0,4.45199692761981e-05,1437,1437,7
"1796",0,4.41587401061304e-05,1438,1438,7
"607",0,4.39465203338965e-05,1439,1439,7
"1686",0,4.37595986063595e-05,1440,1440,7
"1462",0,4.36782973512251e-05,1441,1441,7
"1403",0,4.36271305113001e-05,1442,1442,7
"662",0,4.34165173364231e-05,1443,1443,7
"1641",0,4.34035983932648e-05,1444,1444,7
"1974",0,4.3399796426537e-05,1445,1445,7
"1424",0,4.27664894591253e-05,1446,1446,7
"1831",0,4.27141342005113e-05,1447,1447,7
"1433",0,4.26789933698914e-05,1448,1448,7
"1925",0,4.25499770433205e-05,1449,1449,7
"1989",0,4.25347485418101e-05,1450,1450,7
"1740",0,4.19500773520865e-05,1451,1451,7
"1746",0,4.18063293731071e-05,1452,1452,7
"1829",0,4.08679136980171e-05,1453,1453,7
"1382",0,4.07555038316168e-05,1454,1454,7
"310",0,4.06445875132181e-05,1455,1455,7
"1500",0,4.05254412272355e-05,1456,1456,7
"1984",0,4.02542792775568e-05,1457,1457,7
"1470",0,4.01411158988589e-05,1458,1458,7
"1587",0,4.00921512028792e-05,1459,1459,7
"295",1,3.97400413440896e-05,1460,1460,7
"1979",0,3.91824761101406e-05,1461,1461,7
"1449",0,3.91029616589962e-05,1462,1462,7
"1435",0,3.87832617781001e-05,1463,1463,7
"1767",0,3.85393757816558e-05,1464,1464,7
"1922",0,3.84707059169727e-05,1465,1465,7
"1901",0,3.8468022097159e-05,1466,1466,7
"1972",0,3.83746636287214e-05,1467,1467,7
"1540",0,3.83397429518787e-05,1468,1468,7
"1454",0,3.83195573091326e-05,1469,1469,7
"1814",0,3.83175412157307e-05,1470,1470,7
"1609",0,3.81722563571047e-05,1471,1471,7
"1557",0,3.80543516143646e-05,1472,1472,7
"308",0,3.77971293122427e-05,1473,1473,7
"1696",0,3.77710071870238e-05,1474,1474,7
"1986",0,3.75181309354608e-05,1475,1475,7
"1456",0,3.74792274424356e-05,1476,1476,7
"1849",0,3.71843088636263e-05,1477,1477,7
"1662",0,3.71216518814206e-05,1478,1478,7
"1608",0,3.70633077618609e-05,1479,1479,7
"1461",0,3.6677648495829e-05,1480,1480,7
"1565",0,3.6644478637324e-05,1481,1481,7
"649",0,3.65676852297466e-05,1482,1482,7
"1410",0,3.65233764496428e-05,1483,1483,7
"1971",0,3.63523717855068e-05,1484,1484,7
"1958",0,3.63129154584735e-05,1485,1485,7
"1701",0,3.61810185543369e-05,1486,1486,7
"1656",0,3.61784152080054e-05,1487,1487,7
"1822",0,3.5947415586256e-05,1488,1488,7
"1426",0,3.58575457709521e-05,1489,1489,7
"1883",0,3.54816550098625e-05,1490,1490,7
"629",0,3.54231195586309e-05,1491,1491,7
"1693",0,3.54115604572668e-05,1492,1492,7
"1406",0,3.48201314887641e-05,1493,1493,7
"1735",0,3.46602010045583e-05,1494,1494,7
"1510",0,3.45970100115422e-05,1495,1495,7
"1564",0,3.44484632125855e-05,1496,1496,7
"1412",0,3.42212707348312e-05,1497,1497,7
"1856",0,3.40352392882578e-05,1498,1498,7
"1488",0,3.39470631619755e-05,1499,1499,7
"1806",0,3.37187599447553e-05,1500,1500,7
"1472",0,3.32912266875984e-05,1501,1501,7
"1538",0,3.3196920044496e-05,1502,1502,7
"1915",0,3.30523609084648e-05,1503,1503,7
"1781",0,3.22714514725776e-05,1504,1504,7
"1838",0,3.22347664235092e-05,1505,1505,7
"1844",0,3.20313047715451e-05,1506,1506,7
"1832",0,3.15144085948475e-05,1507,1507,7
"1604",0,3.15025634565317e-05,1508,1508,7
"1830",0,3.12645621659663e-05,1509,1509,7
"1898",0,3.12354233810483e-05,1510,1510,7
"1864",0,3.10517765597891e-05,1511,1511,7
"1811",0,3.09663391131811e-05,1512,1512,7
"1409",0,3.08059569371356e-05,1513,1513,7
"1489",0,3.0346480040777e-05,1514,1514,7
"1651",0,3.03204023412984e-05,1515,1515,7
"1414",0,3.02074073799416e-05,1516,1516,7
"1777",0,3.01383013111096e-05,1517,1517,7
"1903",0,3.01012054924692e-05,1518,1518,7
"1671",0,3.00809690337376e-05,1519,1519,7
"1496",0,2.99198063368738e-05,1520,1520,7
"1667",0,2.9780866449175e-05,1521,1521,7
"1751",0,2.93039658572565e-05,1522,1522,7
"1884",0,2.92748614179966e-05,1523,1523,7
"1928",0,2.91685796384261e-05,1524,1524,7
"1457",0,2.91487943753396e-05,1525,1525,7
"1863",0,2.91392147139995e-05,1526,1526,7
"1783",0,2.90940229700516e-05,1527,1527,7
"1736",0,2.9070410017509e-05,1528,1528,7
"1386",0,2.88956126046573e-05,1529,1529,7
"1645",0,2.88175667060923e-05,1530,1530,7
"1591",0,2.85612184750344e-05,1531,1531,7
"1545",0,2.85117423064692e-05,1532,1532,7
"1469",0,2.84926294864912e-05,1533,1533,7
"1562",0,2.84196091043279e-05,1534,1534,7
"1417",0,2.83740273831952e-05,1535,1535,7
"1792",0,2.82375627053011e-05,1536,1536,7
"1453",0,2.81326600736173e-05,1537,1537,7
"628",0,2.80988847359437e-05,1538,1538,7
"638",0,2.78117811952163e-05,1539,1539,7
"1889",0,2.77411059144381e-05,1540,1540,7
"1427",0,2.75705130031971e-05,1541,1541,7
"1614",0,2.72760654091028e-05,1542,1542,7
"1465",0,2.68775266415156e-05,1543,1543,7
"1745",0,2.66660257998293e-05,1544,1544,7
"1579",0,2.65068580257443e-05,1545,1545,7
"1390",0,2.62694376022646e-05,1546,1546,7
"1690",0,2.6150297249107e-05,1547,1547,7
"1697",0,2.59610797765824e-05,1548,1548,7
"1843",0,2.5930228464021e-05,1549,1549,7
"1395",0,2.58016680212056e-05,1550,1550,7
"1791",0,2.47700563820074e-05,1551,1551,7
"1824",0,2.47176891617887e-05,1552,1552,7
"1481",0,2.45964146761862e-05,1553,1553,7
"1744",0,2.43757181680527e-05,1554,1554,7
"627",0,2.40486208617211e-05,1555,1555,7
"611",0,2.40327591173269e-05,1556,1556,7
"1706",0,2.35759752348721e-05,1557,1557,7
"1770",0,2.27896280837834e-05,1558,1558,7
"1627",0,2.25526883086573e-05,1559,1559,7
"1907",0,2.25483853535126e-05,1560,1560,7
"1607",0,2.20202627618989e-05,1561,1561,7
"1515",0,2.19464693127632e-05,1562,1562,7
"1486",0,2.168356270335e-05,1563,1563,7
"1681",0,2.15647239776187e-05,1564,1564,7
"1975",0,2.14904099778072e-05,1565,1565,7
"1626",0,2.14757128836177e-05,1566,1566,7
"1650",0,2.14258733511447e-05,1567,1567,7
"1634",0,2.09289732866091e-05,1568,1568,7
"643",0,2.08417652563523e-05,1569,1569,7
"1918",0,2.01748022170178e-05,1570,1570,7
"1517",0,1.9144688675906e-05,1571,1571,7
"1942",0,1.88754132375671e-05,1572,1572,7
"1418",0,1.77346110874497e-05,1573,1573,7
"1823",0,1.71601698326917e-05,1574,1574,7
"1539",0,1.54986946737765e-05,1575,1575,7
"1994",0,1.4305304279428e-05,1576,1576,7
"1960",0,1.34326405921439e-05,1577,1577,7
"635",0,1.06916997785441e-05,1578,1578,7
"1786",0,9.72351729179992e-06,1579,1579,7
"601",0,8.68306287908913e-06,1580,1580,7
"1567",0,8.60166112492315e-06,1581,1581,7
"623",0,8.46591080733598e-06,1582,1582,7
"1788",0,8.35371853187496e-06,1583,1583,7
"1423",0,8.30513356585207e-06,1584,1584,7
"306",0,7.90653883848019e-06,1585,1585,7
"1987",0,7.49787526706165e-06,1586,1586,7
"1660",0,7.17587219748348e-06,1587,1587,7
"1840",0,6.85981205563786e-06,1588,1588,7
"1803",0,6.80062868657316e-06,1589,1589,7
"1439",0,6.79125186088935e-06,1590,1590,7
"664",0,6.75533034300341e-06,1591,1591,7
"316",0,6.66944300244378e-06,1592,1592,7
"1947",0,6.46168665702353e-06,1593,1593,7
"1682",0,6.32855021290984e-06,1594,1594,7
"1846",0,6.32642329597256e-06,1595,1595,7
"1955",0,6.32358323708114e-06,1596,1596,7
"1800",0,6.26019816277079e-06,1597,1597,7
"1655",0,6.0204163431923e-06,1598,1598,7
"1631",0,6.00732622277352e-06,1599,1599,7
"1584",0,5.95022583243507e-06,1600,1600,7
"1699",0,5.68322663897309e-06,1601,1601,7
"1434",0,5.67186237511504e-06,1602,1602,7
"1861",0,5.63337665162773e-06,1603,1603,7
"653",0,5.62106304405482e-06,1604,1604,7
"1478",0,5.61891583701909e-06,1605,1605,8
"1659",0,5.61647951419273e-06,1606,1606,8
"1664",0,5.61217912370133e-06,1607,1607,8
"1973",0,5.46468389768106e-06,1608,1608,8
"1943",0,5.40180185370276e-06,1609,1609,8
"1673",0,5.35588897969583e-06,1610,1610,8
"1505",0,5.30192671551687e-06,1611,1611,8
"1513",0,5.25084423526531e-06,1612,1612,8
"1878",0,5.21877250733831e-06,1613,1613,8
"1583",0,5.14863530424153e-06,1614,1614,8
"304",0,5.11159142161777e-06,1615,1615,8
"1887",0,5.05652173951156e-06,1616,1616,8
"897",0,5.05584474790621e-06,1617,1617,8
"309",0,5.01199653343225e-06,1618,1618,8
"1859",0,4.95978770246661e-06,1619,1619,8
"1544",0,4.95199812657182e-06,1620,1620,8
"311",0,4.89143182016497e-06,1621,1621,8
"1764",0,4.86507651419818e-06,1622,1622,8
"1380",0,4.79899270829816e-06,1623,1623,8
"1615",0,4.79874969130885e-06,1624,1624,8
"1855",0,4.7234025904416e-06,1625,1625,8
"900",0,4.66408436334801e-06,1626,1626,8
"608",0,4.63699953094862e-06,1627,1627,8
"621",0,4.62307583906749e-06,1628,1628,8
"1589",0,4.59526443424913e-06,1629,1629,8
"1931",0,4.57586054839145e-06,1630,1630,8
"302",0,4.50266109465168e-06,1631,1631,8
"898",0,4.45878782624361e-06,1632,1632,8
"1577",0,4.43042002386258e-06,1633,1633,8
"1399",0,4.38758169876323e-06,1634,1634,8
"1752",0,4.38108252679482e-06,1635,1635,8
"1865",0,4.33769160872167e-06,1636,1636,8
"1437",0,4.31035598049798e-06,1637,1637,8
"1836",0,4.30037237450391e-06,1638,1638,8
"1945",0,4.28230544479294e-06,1639,1639,8
"1871",0,4.26877066667139e-06,1640,1640,8
"1757",0,4.24642237255402e-06,1641,1641,8
"1872",0,4.22841611795579e-06,1642,1642,8
"1594",0,4.21033851960655e-06,1643,1643,8
"1917",0,4.18009861325423e-06,1644,1644,8
"1717",0,4.04609417472712e-06,1645,1645,8
"1795",0,4.04427684830354e-06,1646,1646,8
"1995",0,4.04180217198942e-06,1647,1647,8
"1926",0,3.99696645431049e-06,1648,1648,8
"1580",0,3.97358117314072e-06,1649,1649,8
"1704",0,3.87266647341925e-06,1650,1650,8
"1484",0,3.84953081954732e-06,1651,1651,8
"1850",0,3.8452705573383e-06,1652,1652,8
"1808",0,3.83692240761814e-06,1653,1653,8
"1552",0,3.8298635341677e-06,1654,1654,8
"1476",0,3.82013509972681e-06,1655,1655,8
"1637",0,3.81779653206915e-06,1656,1656,8
"603",0,3.78866296826458e-06,1657,1657,8
"1551",0,3.70793670067332e-06,1658,1658,8
"1847",0,3.69112152058831e-06,1659,1659,8
"1711",0,3.68439430360875e-06,1660,1660,8
"624",0,3.67233307021772e-06,1661,1661,8
"1610",0,3.64240023008797e-06,1662,1662,8
"1875",0,3.59125231592598e-06,1663,1663,8
"1897",0,3.58479303792836e-06,1664,1664,8
"599",0,3.57680657367081e-06,1665,1665,8
"1506",0,3.57555145852149e-06,1666,1666,8
"1519",0,3.54926195816559e-06,1667,1667,8
"1628",0,3.51360434768523e-06,1668,1668,8
"1571",0,3.50673805372438e-06,1669,1669,8
"1385",0,3.50309515605021e-06,1670,1670,8
"1756",0,3.45956074494686e-06,1671,1671,8
"1908",0,3.44291679944689e-06,1672,1672,8
"1927",0,3.38803863142197e-06,1673,1673,8
"1996",0,3.38171653003988e-06,1674,1674,8
"1705",0,3.36252401041969e-06,1675,1675,8
"1812",0,3.35274457021039e-06,1676,1676,8
"1742",0,3.34205512991728e-06,1677,1677,8
"1694",0,3.33081041259392e-06,1678,1678,8
"1574",0,3.32601411702937e-06,1679,1679,8
"1885",0,3.2874703317985e-06,1680,1680,8
"1691",0,3.26796840805836e-06,1681,1681,8
"1643",0,3.25407912234169e-06,1682,1682,8
"1566",0,3.23775827756797e-06,1683,1683,8
"1683",0,3.19123325709733e-06,1684,1684,8
"604",0,3.16987325840828e-06,1685,1685,8
"894",0,3.14037080398716e-06,1686,1686,8
"1573",0,3.12250606294185e-06,1687,1687,8
"1460",0,3.10829878370064e-06,1688,1688,8
"1913",0,3.1039848843878e-06,1689,1689,8
"1586",0,3.04484576041967e-06,1690,1690,8
"1616",0,3.01345354785619e-06,1691,1691,8
"1892",0,3.00262718531555e-06,1692,1692,8
"1405",0,2.98369782991716e-06,1693,1693,8
"1929",0,2.94732773721769e-06,1694,1694,8
"1638",0,2.89532326106498e-06,1695,1695,8
"1726",0,2.88418746011903e-06,1696,1696,8
"1576",0,2.87875249655014e-06,1697,1697,8
"1981",0,2.84601722611954e-06,1698,1698,8
"667",0,2.79405854033109e-06,1699,1699,8
"1689",0,2.69004694666415e-06,1700,1700,8
"1561",0,2.65426373855599e-06,1701,1701,8
"1769",0,2.64783667048684e-06,1702,1702,8
"1487",0,2.54502684579893e-06,1703,1703,8
"1387",0,2.48367021844566e-06,1704,1704,8
"1485",0,2.47166481775784e-06,1705,1705,8
"1400",0,2.45426329964089e-06,1706,1706,8
"1442",0,2.42910583709265e-06,1707,1707,8
"1549",0,2.4158053468805e-06,1708,1708,8
"895",0,2.39684646020112e-06,1709,1709,8
"1775",0,2.38814724664145e-06,1710,1710,8
"1555",0,2.37007219809497e-06,1711,1711,8
"1728",0,2.36522643164588e-06,1712,1712,8
"315",0,2.34724449083973e-06,1713,1713,8
"1535",0,2.32184884452111e-06,1714,1714,8
"1431",0,2.32177645754633e-06,1715,1715,8
"1493",0,2.30455412834685e-06,1716,1716,8
"1602",0,2.30202298151434e-06,1717,1717,8
"1899",0,2.27017494155835e-06,1718,1718,8
"1674",0,2.24708693635354e-06,1719,1719,8
"1687",0,2.22081683216864e-06,1720,1720,8
"1998",0,2.17492621833885e-06,1721,1721,8
"612",0,2.15335780696843e-06,1722,1722,8
"1966",0,2.10017054163089e-06,1723,1723,8
"1570",0,2.0741600974422e-06,1724,1724,8
"1680",0,2.06922425399334e-06,1725,1725,8
"1905",0,2.05286760699476e-06,1726,1726,8
"1935",0,2.04439068305971e-06,1727,1727,8
"648",0,2.03779572937832e-06,1728,1728,8
"1678",0,2.02364452636619e-06,1729,1729,8
"1959",0,2.00995002365649e-06,1730,1730,8
"1534",0,1.94554205348672e-06,1731,1731,8
"1708",0,1.93146429070931e-06,1732,1732,8
"1603",0,1.91644189245608e-06,1733,1733,8
"1716",0,1.90930208025273e-06,1734,1734,8
"1652",0,1.7704361586651e-06,1735,1735,8
"1950",0,1.72362518030626e-06,1736,1736,8
"1402",0,1.72203688183978e-06,1737,1737,8
"1952",0,1.70558065917644e-06,1738,1738,8
"1961",0,1.67137478091342e-06,1739,1739,8
"609",0,1.66438220674927e-06,1740,1740,8
"1886",0,1.63143967777106e-06,1741,1741,8
"1797",0,1.62274568364033e-06,1742,1742,8
"1819",0,1.62166980758022e-06,1743,1743,8
"1425",0,1.56612540004874e-06,1744,1744,8
"637",0,1.50153704308672e-06,1745,1745,8
"1801",0,1.49351557415235e-06,1746,1746,8
"1443",0,1.46300855401546e-06,1747,1747,8
"1525",0,1.44570942802302e-06,1748,1748,8
"1441",0,1.38088490961001e-06,1749,1749,8
"1970",0,1.36836256837967e-06,1750,1750,8
"1596",0,1.35365724319965e-06,1751,1751,8
"1702",0,1.26787295889345e-06,1752,1752,8
"709",0,1.55831537110973e-08,1753,1753,8
"2064",0,1.53099581888736e-08,1754,1754,8
"2043",0,1.51115336831165e-08,1755,1755,8
"2029",0,1.49556089959286e-08,1756,1756,8
"345",0,1.40151185426981e-08,1757,1757,8
"2128",0,1.30418896597778e-08,1758,1758,8
"691",0,1.27162232240581e-08,1759,1759,8
"2119",0,1.22095906908375e-08,1760,1760,8
"2067",0,1.2070681514048e-08,1761,1761,8
"1005",0,1.05580615619481e-08,1762,1762,8
"687",0,1.0244201972856e-08,1763,1763,8
"2088",0,1.02266049517424e-08,1764,1764,8
"685",0,1.01514689978892e-08,1765,1765,8
"2134",0,9.93148095961672e-09,1766,1766,8
"2077",0,9.78702532963551e-09,1767,1767,8
"2085",0,9.60408416759189e-09,1768,1768,8
"2089",0,9.36381650251259e-09,1769,1769,8
"2013",0,9.35454884998044e-09,1770,1770,8
"2123",0,9.12102397051692e-09,1771,1771,8
"707",0,8.99301983519742e-09,1772,1772,8
"695",0,8.78590344688520e-09,1773,1773,8
"339",0,8.60166751735317e-09,1774,1774,8
"2003",0,8.53602206407219e-09,1775,1775,8
"698",0,8.22458176720564e-09,1776,1776,8
"2115",0,8.127081477691e-09,1777,1777,8
"689",0,8.0763442544529e-09,1778,1778,8
"2009",0,8.04849046596706e-09,1779,1779,8
"2010",0,7.87870926167181e-09,1780,1780,8
"680",0,7.80088123400103e-09,1781,1781,8
"2022",0,7.63200247135269e-09,1782,1782,8
"2070",0,7.26235673946698e-09,1783,1783,8
"2074",0,7.17359350658445e-09,1784,1784,8
"2120",0,7.06268695428222e-09,1785,1785,8
"2038",0,6.51621134467769e-09,1786,1786,8
"686",0,6.42351639405841e-09,1787,1787,8
"2045",0,6.36623193645225e-09,1788,1788,8
"347",0,6.35764133802534e-09,1789,1789,8
"2041",0,6.19561065400044e-09,1790,1790,8
"2091",0,6.01144823659114e-09,1791,1791,8
"2080",0,5.82986029274954e-09,1792,1792,8
"2136",0,5.8166051715446e-09,1793,1793,8
"2112",0,5.81584036373634e-09,1794,1794,8
"2072",0,5.77971762744785e-09,1795,1795,8
"2102",0,5.74779826161641e-09,1796,1796,8
"1012",0,5.70332662838913e-09,1797,1797,8
"2100",0,5.66019451266196e-09,1798,1798,8
"2019",0,5.55910158810063e-09,1799,1799,8
"2122",0,5.4916758535797e-09,1800,1800,8
"692",0,5.48605889098881e-09,1801,1801,8
"690",0,5.48543830371902e-09,1802,1802,8
"2105",0,5.44806345960863e-09,1803,1803,8
"2099",0,5.3955647282983e-09,1804,1804,8
"986",0,5.34554288764125e-09,1805,1805,8
"2017",0,5.32129009711011e-09,1806,1806,8
"337",0,5.06387412893901e-09,1807,1807,8
"2032",0,5.03187274142212e-09,1808,1808,8
"679",0,5.01779822971963e-09,1809,1809,8
"2063",0,4.79435409211284e-09,1810,1810,8
"999",0,4.74986664532442e-09,1811,1811,8
"2036",0,4.74534912413870e-09,1812,1812,8
"2014",0,4.64632424609804e-09,1813,1813,8
"2118",0,4.6170757066123e-09,1814,1814,8
"2081",0,4.54411958430203e-09,1815,1815,8
"989",0,4.47054991242807e-09,1816,1816,8
"2012",0,4.37814343993438e-09,1817,1817,8
"2127",0,4.37783276586778e-09,1818,1818,8
"2055",0,4.37750606564879e-09,1819,1819,8
"985",0,4.37133685481978e-09,1820,1820,9
"2149",0,4.36478157675508e-09,1821,1821,9
"2007",0,4.28984076662242e-09,1822,1822,9
"2061",0,4.17935708819233e-09,1823,1823,9
"1011",0,4.14996234196079e-09,1824,1824,9
"2086",0,4.12673148417778e-09,1825,1825,9
"990",0,4.12096599692301e-09,1826,1826,9
"2006",0,3.96405357682508e-09,1827,1827,9
"684",0,3.84533649397815e-09,1828,1828,9
"2051",0,3.81774597144158e-09,1829,1829,9
"2066",0,3.78762409787542e-09,1830,1830,9
"988",0,3.63022142062999e-09,1831,1831,9
"1004",0,3.56914256307632e-09,1832,1832,9
"2107",0,3.46017761553529e-09,1833,1833,9
"2004",0,3.42999553177042e-09,1834,1834,9
"2116",0,3.31984505858128e-09,1835,1835,9
"2026",0,3.11644034452333e-09,1836,1836,9
"1009",0,3.00203657525088e-09,1837,1837,9
"2037",0,2.81617488543743e-09,1838,1838,9
"2103",0,2.76054655331401e-09,1839,1839,9
"996",0,2.75826830623446e-09,1840,1840,9
"2046",0,2.63660873189229e-09,1841,1841,9
"2092",0,2.43433062315392e-09,1842,1842,9
"1003",0,2.35938234308157e-09,1843,1843,9
"993",0,2.32436675100177e-09,1844,1844,9
"2887",0,2.00280992108495e-09,1845,1845,9
"2891",0,1.96143088347897e-09,1846,1846,9
"702",0,1.95592182249499e-09,1847,1847,9
"2145",0,1.9370222942776e-09,1848,1848,9
"2832",0,1.6731569786965e-09,1849,1849,9
"983",0,1.66049951304454e-09,1850,1850,9
"2829",0,1.61995380130584e-09,1851,1851,9
"2875",0,1.55611884354391e-09,1852,1852,9
"2842",0,1.55478840856971e-09,1853,1853,9
"2892",0,1.52796352103139e-09,1854,1854,9
"2918",0,1.50698610421223e-09,1855,1855,9
"2889",0,1.28930103067463e-09,1856,1856,9
"2879",0,1.28361079559786e-09,1857,1857,9
"2922",0,1.25599034578478e-09,1858,1858,9
"2846",0,1.19206209393315e-09,1859,1859,9
"344",0,1.13342096280042e-09,1860,1860,9
"2899",0,1.12429528020376e-09,1861,1861,9
"2823",0,1.11641742678876e-09,1862,1862,9
"2840",0,1.11010909217506e-09,1863,1863,9
"2855",0,1.06591211542697e-09,1864,1864,9
"2881",0,1.04278582330533e-09,1865,1865,9
"2925",0,1.01603951872677e-09,1866,1866,9
"2817",0,9.25345666693039e-10,1867,1867,9
"2843",0,9.06975619883171e-10,1868,1868,9
"2915",0,8.90705702829957e-10,1869,1869,9
"2090",0,8.78076168192327e-10,1870,1870,9
"2871",0,8.65939420445293e-10,1871,1871,9
"2780",0,8.31596544538169e-10,1872,1872,9
"2008",0,8.24960944993665e-10,1873,1873,9
"2818",0,8.24709555752073e-10,1874,1874,9
"2926",0,8.17399906703979e-10,1875,1875,9
"2821",0,7.98557082144174e-10,1876,1876,9
"2020",0,7.87940006229682e-10,1877,1877,9
"2901",0,7.83816401931203e-10,1878,1878,9
"2914",0,7.64290196976041e-10,1879,1879,9
"682",0,7.30571574943784e-10,1880,1880,9
"2853",0,7.21625731967038e-10,1881,1881,9
"2801",0,7.17664515364172e-10,1882,1882,9
"2932",0,7.13503252112148e-10,1883,1883,9
"2015",0,7.07291956895581e-10,1884,1884,9
"688",0,7.04294165194926e-10,1885,1885,9
"2790",0,6.9828136833719e-10,1886,1886,9
"2913",0,6.90528742798692e-10,1887,1887,9
"2886",0,6.68662394018235e-10,1888,1888,9
"2854",0,6.62830697055935e-10,1889,1889,9
"2898",0,6.61773455884437e-10,1890,1890,9
"2904",0,6.50468906356922e-10,1891,1891,9
"2084",0,6.47274801406712e-10,1892,1892,9
"2076",0,6.45260414542585e-10,1893,1893,9
"2924",0,6.36595690817673e-10,1894,1894,9
"2917",0,6.36011162911324e-10,1895,1895,9
"2907",0,6.28696763642062e-10,1896,1896,9
"2910",0,6.24574709201052e-10,1897,1897,9
"2885",0,6.19000452477874e-10,1898,1898,9
"2069",0,5.8803047850166e-10,1899,1899,9
"2782",0,5.8386477208288e-10,1900,1900,9
"2850",0,5.7924991910664e-10,1901,1901,9
"2062",0,5.66914240431287e-10,1902,1902,9
"2781",0,5.63601063213578e-10,1903,1903,9
"2138",0,5.60079422428562e-10,1904,1904,9
"2860",0,5.57911112235279e-10,1905,1905,9
"992",0,5.51299078507377e-10,1906,1906,9
"678",0,5.44733129555856e-10,1907,1907,9
"2928",0,5.37586988943492e-10,1908,1908,9
"2909",0,5.30157291910881e-10,1909,1909,9
"2042",0,5.25713616749108e-10,1910,1910,9
"2872",0,5.16273375047111e-10,1911,1911,9
"2078",0,5.07757400991089e-10,1912,1912,9
"2047",0,4.99658839933046e-10,1913,1913,9
"2111",0,4.96486515459154e-10,1914,1914,9
"2803",0,4.95115830087993e-10,1915,1915,9
"2786",0,4.89545341594666e-10,1916,1916,9
"2931",0,4.8801413408814e-10,1917,1917,9
"342",0,4.85190071874022e-10,1918,1918,9
"341",0,4.7630606101467e-10,1919,1919,9
"2140",0,4.73610725055229e-10,1920,1920,9
"2802",0,4.7081306620176e-10,1921,1921,9
"2897",0,4.58645963537185e-10,1922,1922,9
"2867",0,4.56633090420737e-10,1923,1923,9
"2795",0,4.52871135902136e-10,1924,1924,9
"2143",0,4.48400687791629e-10,1925,1925,9
"2827",0,4.4134091062657e-10,1926,1926,9
"2874",0,4.37742342285837e-10,1927,1927,9
"336",0,4.31236210938613e-10,1928,1928,9
"1008",0,4.26497991592008e-10,1929,1929,9
"2830",0,4.2465816540614e-10,1930,1930,9
"2884",0,4.14989766531255e-10,1931,1931,9
"2896",0,4.13507677939808e-10,1932,1932,9
"2125",0,4.06593545126792e-10,1933,1933,9
"2930",0,3.9455907436676e-10,1934,1934,9
"2049",0,3.84956920915727e-10,1935,1935,9
"2139",0,3.77061187302388e-10,1936,1936,9
"2779",0,3.76513809002183e-10,1937,1937,9
"2087",0,3.76235044691058e-10,1938,1938,9
"2030",0,3.71981676332853e-10,1939,1939,9
"2916",0,3.6625598598134e-10,1940,1940,9
"2825",0,3.62641140246446e-10,1941,1941,9
"2093",0,3.61407228538321e-10,1942,1942,9
"2050",0,3.55503045061301e-10,1943,1943,9
"2819",0,3.48146627031435e-10,1944,1944,9
"681",0,3.47665576065203e-10,1945,1945,9
"2011",0,3.47345960206672e-10,1946,1946,9
"2083",0,3.37081447862348e-10,1947,1947,9
"703",0,3.30521623841234e-10,1948,1948,9
"2065",0,3.26211903973294e-10,1949,1949,9
"348",0,3.24616330491405e-10,1950,1950,9
"2035",0,3.24404778067188e-10,1951,1951,9
"2783",0,3.17014760633443e-10,1952,1952,9
"981",0,3.15243894847229e-10,1953,1953,9
"2096",0,3.05878746231845e-10,1954,1954,9
"2141",0,3.02491746485758e-10,1955,1955,9
"2864",0,2.99716899835051e-10,1956,1956,9
"2876",0,2.96327353554163e-10,1957,1957,9
"2104",0,2.9485031349917e-10,1958,1958,9
"2052",0,2.94196167121831e-10,1959,1959,9
"699",0,2.88367211932021e-10,1960,1960,9
"2101",0,2.8578527463611e-10,1961,1961,9
"2034",0,2.81585733860899e-10,1962,1962,9
"2844",0,2.67430951775454e-10,1963,1963,9
"705",0,2.56744250851688e-10,1964,1964,9
"2110",0,2.54510466697209e-10,1965,1965,9
"1000",0,2.54249773069047e-10,1966,1966,9
"2113",0,2.53629940546077e-10,1967,1967,9
"2024",0,2.42679215137087e-10,1968,1968,9
"1001",0,2.2589474618942e-10,1969,1969,9
"2039",0,2.25509256816636e-10,1970,1970,9
"2135",0,2.15244602853914e-10,1971,1971,9
"340",0,2.12326990380154e-10,1972,1972,9
"683",0,2.07779174986974e-10,1973,1973,9
"2146",0,1.92372076674606e-10,1974,1974,9
"2144",0,1.85109421978673e-10,1975,1975,9
"2919",0,1.83031596640675e-10,1976,1976,9
"696",0,1.81302043482281e-10,1977,1977,9
"1002",0,1.75831466840473e-10,1978,1978,9
"2040",0,1.73509464925054e-10,1979,1979,9
"998",0,1.70864253376027e-10,1980,1980,9
"2148",0,1.67101242094496e-10,1981,1981,9
"2005",0,1.62077081489336e-10,1982,1982,9
"1010",0,1.52488819043601e-10,1983,1983,9
"997",0,1.16912521433052e-10,1984,1984,9
"984",0,1.15828933912209e-10,1985,1985,9
"2799",0,9.9166997951991e-11,1986,1986,9
"2849",0,8.91927633229752e-11,1987,1987,9
"2813",0,7.81985178804987e-11,1988,1988,9
"2841",0,7.79166610479848e-11,1989,1989,9
"2921",0,6.89098576414823e-11,1990,1990,9
"2856",0,6.55442316734833e-11,1991,1991,9
"2796",0,6.50675370376735e-11,1992,1992,9
"2869",0,6.40272640519247e-11,1993,1993,9
"2893",0,6.39300807135734e-11,1994,1994,9
"2929",0,6.11646388582793e-11,1995,1995,9
"2848",0,5.9990910994546e-11,1996,1996,9
"2878",0,4.53966323793913e-11,1997,1997,9
"2847",0,4.51710982737119e-11,1998,1998,9
"2797",0,4.07957710863342e-11,1999,1999,9
"2828",0,3.82499379138611e-11,2000,2000,9
"2812",0,3.77974909153754e-11,2001,2001,9
"2804",0,3.40050909055801e-11,2002,2002,9
"2857",0,3.3506012743659e-11,2003,2003,9
"2865",0,3.29060241578166e-11,2004,2004,9
"2809",0,3.19388823830022e-11,2005,2005,9
"2778",0,2.95272445091664e-11,2006,2006,9
"2806",0,2.90015104880202e-11,2007,2007,9
"2934",0,2.7348776201125e-11,2008,2008,9
"2794",0,2.7086144640849e-11,2009,2009,9
"2793",0,2.64695876679267e-11,2010,2010,9
"2852",0,2.62075900826715e-11,2011,2011,9
"2838",0,2.58426159906987e-11,2012,2012,9
"2836",0,2.3937524815681e-11,2013,2013,9
"2820",0,2.35607154546284e-11,2014,2014,9
"2816",0,2.09372029734452e-11,2015,2015,9
"2911",0,1.98709483946957e-11,2016,2016,9
"2905",0,1.85745156703752e-11,2017,2017,9
"2822",0,1.81592592718429e-11,2018,2018,9
"317",0,1.40231421300076e-12,2019,2019,9
"318",0,1.22590325364673e-12,2020,2020,9
"319",0,1.0534763423909e-12,2021,2021,9
"325",0,8.4180211392146e-13,2022,2022,9
"324",0,8.17898223737651e-13,2023,2023,9
"322",0,7.6714133264231e-13,2024,2024,9
"330",0,6.88645869170536e-13,2025,2025,9
"333",0,4.95499054774199e-13,2026,2026,9
"2247",0,3.84942779021492e-13,2027,2027,9
"2161",0,3.54196895921505e-13,2028,2028,9
"2166",0,3.27187251532436e-13,2029,2029,9
"2272",0,3.25306095297414e-13,2030,2030,9
"2212",0,3.14324758505478e-13,2031,2031,9
"2291",0,2.81384902050574e-13,2032,2032,9
"2244",0,2.79107804043239e-13,2033,2033,10
"2171",0,2.78164157779983e-13,2034,2034,10
"2159",0,2.77668959747123e-13,2035,2035,10
"2293",0,2.71160360054866e-13,2036,2036,10
"2203",0,2.65250770481493e-13,2037,2037,10
"2250",0,2.58954677803976e-13,2038,2038,10
"2255",0,2.57461372019054e-13,2039,2039,10
"2281",0,2.57126040843406e-13,2040,2040,10
"2172",0,2.43876949521735e-13,2041,2041,10
"2234",0,2.41027419107217e-13,2042,2042,10
"2246",0,2.38576235480963e-13,2043,2043,10
"2262",0,2.37272130751135e-13,2044,2044,10
"2211",0,2.33985302260408e-13,2045,2045,10
"2150",0,2.30502965857228e-13,2046,2046,10
"2294",0,2.25733331997256e-13,2047,2047,10
"2223",0,2.20158851334231e-13,2048,2048,10
"2220",0,2.18767061287516e-13,2049,2049,10
"2217",0,2.17539147865109e-13,2050,2050,10
"2215",0,2.16595760926817e-13,2051,2051,10
"2168",0,2.06123395162897e-13,2052,2052,10
"2239",0,1.93540634120422e-13,2053,2053,10
"2248",0,1.90493053654012e-13,2054,2054,10
"2292",0,1.79268876411137e-13,2055,2055,10
"2181",0,1.72683233755424e-13,2056,2056,10
"2157",0,1.71012201892021e-13,2057,2057,10
"2198",0,1.66631906583396e-13,2058,2058,10
"2251",0,1.61931759104054e-13,2059,2059,10
"2236",0,1.58601883425281e-13,2060,2060,10
"2179",0,1.5330320765459e-13,2061,2061,10
"2298",0,1.5140629912063e-13,2062,2062,10
"2275",0,1.49110062355707e-13,2063,2063,10
"2256",0,1.45994749325185e-13,2064,2064,10
"2237",0,1.44294178518922e-13,2065,2065,10
"2154",0,1.38946132857752e-13,2066,2066,10
"2254",0,1.3052043888709e-13,2067,2067,10
"2214",0,1.30328383400876e-13,2068,2068,10
"323",0,1.28328772488758e-13,2069,2069,10
"2191",0,1.26310589263761e-13,2070,2070,10
"329",0,1.2117548095987e-13,2071,2071,10
"2204",0,1.15557318478594e-13,2072,2072,10
"327",0,1.13003780423703e-13,2073,2073,10
"2200",0,1.04360208686094e-13,2074,2074,10
"2170",0,1.01246979401607e-13,2075,2075,10
"2229",0,9.63079277042606e-14,2076,2076,10
"2182",0,9.59625647641018e-14,2077,2077,10
"2258",0,9.54528107918309e-14,2078,2078,10
"2162",0,9.46724610797224e-14,2079,2079,10
"320",0,2.22044604925031e-16,2080,2080,10
"328",0,2.22044604925031e-16,2081,2081,10
"331",0,2.22044604925031e-16,2082,2082,10
"332",0,2.22044604925031e-16,2083,2083,10
"2000",0,2.22044604925031e-16,2084,2084,10
"2156",0,2.22044604925031e-16,2085,2085,10
"2160",0,2.22044604925031e-16,2086,2086,10
"2164",0,2.22044604925031e-16,2087,2087,10
"2174",0,2.22044604925031e-16,2088,2088,10
"2175",0,2.22044604925031e-16,2089,2089,10
"2176",0,2.22044604925031e-16,2090,2090,10
"2177",0,2.22044604925031e-16,2091,2091,10
"2178",0,2.22044604925031e-16,2092,2092,10
"2183",0,2.22044604925031e-16,2093,2093,10
"2188",0,2.22044604925031e-16,2094,2094,10
"2190",0,2.22044604925031e-16,2095,2095,10
"2193",0,2.22044604925031e-16,2096,2096,10
"2194",0,2.22044604925031e-16,2097,2097,10
"2196",0,2.22044604925031e-16,2098,2098,10
"2210",0,2.22044604925031e-16,2099,2099,10
"2213",0,2.22044604925031e-16,2100,2100,10
"2216",0,2.22044604925031e-16,2101,2101,10
"2219",0,2.22044604925031e-16,2102,2102,10
"2221",0,2.22044604925031e-16,2103,2103,10
"2224",0,2.22044604925031e-16,2104,2104,10
"2227",0,2.22044604925031e-16,2105,2105,10
"2231",0,2.22044604925031e-16,2106,2106,10
"2232",0,2.22044604925031e-16,2107,2107,10
"2233",0,2.22044604925031e-16,2108,2108,10
"2235",0,2.22044604925031e-16,2109,2109,10
"2238",0,2.22044604925031e-16,2110,2110,10
"2240",0,2.22044604925031e-16,2111,2111,10
"2241",0,2.22044604925031e-16,2112,2112,10
"2242",0,2.22044604925031e-16,2113,2113,10
"2245",0,2.22044604925031e-16,2114,2114,10
"2249",0,2.22044604925031e-16,2115,2115,10
"2252",0,2.22044604925031e-16,2116,2116,10
"2253",0,2.22044604925031e-16,2117,2117,10
"2263",0,2.22044604925031e-16,2118,2118,10
"2264",0,2.22044604925031e-16,2119,2119,10
"2265",0,2.22044604925031e-16,2120,2120,10
"2266",0,2.22044604925031e-16,2121,2121,10
"2267",0,2.22044604925031e-16,2122,2122,10
"2270",0,2.22044604925031e-16,2123,2123,10
"2271",0,2.22044604925031e-16,2124,2124,10
"2273",0,2.22044604925031e-16,2125,2125,10
"2274",0,2.22044604925031e-16,2126,2126,10
"2276",0,2.22044604925031e-16,2127,2127,10
"2277",0,2.22044604925031e-16,2128,2128,10
"2278",0,2.22044604925031e-16,2129,2129,10
"2280",0,2.22044604925031e-16,2130,2130,10
"2286",0,2.22044604925031e-16,2131,2131,10
"2287",0,2.22044604925031e-16,2132,2132,10
"2288",0,2.22044604925031e-16,2133,2133,10
"2289",0,2.22044604925031e-16,2134,2134,10
"2299",0,2.22044604925031e-16,2135,2135,10
